"verbatimFieldName","standardFieldName","namespace","uri","checked","source","comment","opinionBy","opinionDate"
"acceptednameusage","acceptedNameUsage","dwc","http://rs.tdwg.org/dwc/terms/acceptedNameUsage",1,,,"John Wieczorek","2017-08-25"
"acceptednameusageid","acceptedNameUsageID","dwc","http://rs.tdwg.org/dwc/terms/acceptedNameUsageID",1,,,"John Wieczorek","2017-08-25"
"accessrights","accessRights","dcterms","http://purl.org/dc/terms/accessRights",1,,,"John Wieczorek","2017-08-25"
"ano","year","dwc","http://rs.tdwg.org/dwc/terms/year",1,,,"John Wieczorek","2017-10-24"
"año","year","dwc","http://rs.tdwg.org/dwc/terms/year",1,,,"John Wieczorek","2017-10-24"
"associatedmedia","associatedMedia","dwc","http://rs.tdwg.org/dwc/terms/associatedMedia",1,,,"John Wieczorek","2017-08-25"
"associatedoccurrences","associatedOccurrences","dwc","http://rs.tdwg.org/dwc/terms/associatedOccurrences",1,,,"John Wieczorek","2017-08-25"
"associatedorganisms","associatedOrganisms","dwc","http://rs.tdwg.org/dwc/terms/associatedOrganisms",1,,,"John Wieczorek","2017-08-25"
"associatedreferences","associatedReferences","dwc","http://rs.tdwg.org/dwc/terms/associatedReferences",1,,,"John Wieczorek","2017-08-25"
"associatedsequences","associatedSequences","dwc","http://rs.tdwg.org/dwc/terms/associatedSequences",1,,,"John Wieczorek","2017-08-25"
"associatedtaxa","associatedTaxa","dwc","http://rs.tdwg.org/dwc/terms/associatedTaxa",1,,,"John Wieczorek","2017-08-25"
"basisofidentification",,,,1,"FIMS",,"John Wieczorek","2017-08-25"
"basisofrecord","basisOfRecord","dwc","http://rs.tdwg.org/dwc/terms/basisOfRecord",1,,,"John Wieczorek","2017-08-25"
"bcid",,,,1,"FIMS",,"John Wieczorek","2017-08-25"
"bed","bed","dwc","http://rs.tdwg.org/dwc/terms/bed",1,,,"John Wieczorek","2017-08-25"
"behavior","behavior","dwc","http://rs.tdwg.org/dwc/terms/behavior",1,,,"John Wieczorek","2017-08-25"
"bibliographiccitation","bibliographicCitation","dcterms","http://purl.org/dc/terms/bibliographicCitation",1,,,"John Wieczorek","2017-08-25"
"catalognumber","catalogNumber","dwc","http://rs.tdwg.org/dwc/terms/catalogNumber",1,,,"John Wieczorek","2017-08-25"
"catnum","catalogNumber","dwc","http://rs.tdwg.org/dwc/terms/catalogNumber",1,,,"John Wieczorek","2017-08-25"
"clase","class","dwc","http://rs.tdwg.org/dwc/terms/class",1,,,"John Wieczorek","2017-10-24"
"class","class","dwc","http://rs.tdwg.org/dwc/terms/class",1,,,"John Wieczorek","2017-08-25"
"colector","recordedBy","dwc","http://rs.tdwg.org/dwc/terms/recordedBy",1,,,"John Wieczorek","2017-10-24"
"collectioncode","collectionCode","dwc","http://rs.tdwg.org/dwc/terms/collectionCode",1,,,"John Wieczorek","2017-08-25"
"collectionid","collectionID","dwc","http://rs.tdwg.org/dwc/terms/collectionID",1,,,"John Wieczorek","2017-08-25"
"collector","recordedBy","dwc","http://rs.tdwg.org/dwc/terms/recordedBy",1,,,"John Wieczorek","2017-08-25"
"continent","continent","dwc","http://rs.tdwg.org/dwc/terms/continent",1,,,"John Wieczorek","2017-08-25"
"continent/ocean",,,,1,,"Maps to continent for continents and waterBody for oceans.","John Wieczorek","2017-08-25"
"continente","continent","dwc","http://rs.tdwg.org/dwc/terms/continent",1,,,"John Wieczorek","2017-10-23"
"coordenadas","verbatimCoordinates","dwc","http://rs.tdwg.org/dwc/terms/verbatimCoordinates",1,,,"John Wieczorek","2017-10-24"
"coordinateprecision","coordinatePrecision","dwc","http://rs.tdwg.org/dwc/terms/coordinatePrecision",1,,,"John Wieczorek","2017-08-25"
"coordinates","verbatimCoordinates","dwc","http://rs.tdwg.org/dwc/terms/verbatimCoordinates",1,,,"John Wieczorek","2017-08-25"
"coordinateuncertaintyinmeters","coordinateUncertaintyInMeters","dwc","http://rs.tdwg.org/dwc/terms/coordinateUncertaintyInMeters",1,,,"John Wieczorek","2017-08-25"
"country","country","dwc","http://rs.tdwg.org/dwc/terms/country",1,,,"John Wieczorek","2017-08-25"
"countrycode","countryCode","dwc","http://rs.tdwg.org/dwc/terms/countryCode",1,,,"John Wieczorek","2017-08-25"
"county","county","dwc","http://rs.tdwg.org/dwc/terms/county",1,,,"John Wieczorek","2017-08-25"
"cuenca","waterBody","dwc","http://rs.tdwg.org/dwc/terms/waterBody",1,,,"John Wieczorek","2017-10-23"
"datageneralizations","dataGeneralizations","dwc","http://rs.tdwg.org/dwc/terms/dataGeneralizations",1,,,"John Wieczorek","2017-08-25"
"datasetid","datasetID","dwc","http://rs.tdwg.org/dwc/terms/datasetID",1,,,"John Wieczorek","2017-08-25"
"datasetname","datasetName","dwc","http://rs.tdwg.org/dwc/terms/datasetName",1,,,"John Wieczorek","2017-08-25"
"date",,,,1,,"Could be one of many fields.","John Wieczorek","2017-08-25"
"dateidentified","dateIdentified","dwc","http://rs.tdwg.org/dwc/terms/dateIdentified",1,,,"John Wieczorek","2017-08-25"
"datum","geodeticDatum","dwc","http://rs.tdwg.org/dwc/terms/geodeticDatum",1,,,"John Wieczorek","2017-10-24"
"day","day","dwc","http://rs.tdwg.org/dwc/terms/day",1,,,"John Wieczorek","2017-08-25"
"daycollected","day","dwc","http://rs.tdwg.org/dwc/terms/day",1,,,"John Wieczorek","2017-08-25"
"dayidentified","dayIdentified","dwcloud",,1,,"Contributes to dwc:dateIdentified","John Wieczorek","2017-08-25"
"dcterms:accessrights","accessRights","dcterms","http://purl.org/dc/terms/accessRights",1,,,"John Wieczorek","2017-08-25"
"dcterms:bibliographiccitation","bibliographicCitation","dcterms","http://purl.org/dc/terms/bibliographicCitation",1,,,"John Wieczorek","2017-08-25"
"dcterms:language","language","dcterms","http://purl.org/dc/terms/language",1,,,"John Wieczorek","2017-08-25"
"dcterms:license","license","dcterms","http://purl.org/dc/terms/license",1,,,"John Wieczorek","2017-08-25"
"dcterms:modified","modified","dcterms","http://purl.org/dc/terms/modified",1,,,"John Wieczorek","2017-08-25"
"dcterms:references","references","dcterms","http://purl.org/dc/terms/references",1,,,"John Wieczorek","2017-08-25"
"dcterms:rightsholder","rightsHolder","dcterms","http://purl.org/dc/terms/rightsHolder",1,,,"John Wieczorek","2017-08-25"
"dcterms:type","type","dcterms","http://purl.org/dc/terms/type",1,,,"John Wieczorek","2017-08-25"
"decimallatitude","decimalLatitude","dwc","http://rs.tdwg.org/dwc/terms/decimalLatitude",1,,,"John Wieczorek","2017-08-25"
"decimallongitude","decimalLongitude","dwc","http://rs.tdwg.org/dwc/terms/decimalLongitude",1,,,"John Wieczorek","2017-08-25"
"determined by","identifiedBy","dwc","http://rs.tdwg.org/dwc/terms/identifiedBy",1,,,"John Wieczorek","2017-08-25"
"dia","day","dwc","http://rs.tdwg.org/dwc/terms/day",1,,,"John Wieczorek","2017-10-24"
"día","day","dwc","http://rs.tdwg.org/dwc/terms/day",1,,,"John Wieczorek","2017-10-24"
"disposition","disposition","dwc","http://rs.tdwg.org/dwc/terms/disposition",1,,,"John Wieczorek","2017-08-25"
"drainage","waterBody","dwc","http://rs.tdwg.org/dwc/terms/waterBody",1,,,"John Wieczorek","2017-10-23"
"dwc:acceptednameusage","acceptedNameUsage","dwc","http://rs.tdwg.org/dwc/terms/acceptedNameUsage",1,,,"John Wieczorek","2017-08-25"
"dwc:acceptednameusageid","acceptedNameUsageID","dwc","http://rs.tdwg.org/dwc/terms/acceptedNameUsageID",1,,,"John Wieczorek","2017-08-25"
"dwc:associatedmedia","associatedMedia","dwc","http://rs.tdwg.org/dwc/terms/associatedMedia",1,,,"John Wieczorek","2017-08-25"
"dwc:associatedoccurrences","associatedOccurrences","dwc","http://rs.tdwg.org/dwc/terms/associatedOccurrences",1,,,"John Wieczorek","2017-08-25"
"dwc:associatedorganisms","associatedOrganisms","dwc","http://rs.tdwg.org/dwc/terms/associatedOrganisms",1,,,"John Wieczorek","2017-08-25"
"dwc:associatedreferences","associatedReferences","dwc","http://rs.tdwg.org/dwc/terms/associatedReferences",1,,,"John Wieczorek","2017-08-25"
"dwc:associatedsequences","associatedSequences","dwc","http://rs.tdwg.org/dwc/terms/associatedSequences",1,,,"John Wieczorek","2017-08-25"
"dwc:associatedtaxa","associatedTaxa","dwc","http://rs.tdwg.org/dwc/terms/associatedTaxa",1,,,"John Wieczorek","2017-08-25"
"dwc:basisofrecord","basisOfRecord","dwc","http://rs.tdwg.org/dwc/terms/basisOfRecord",1,,,"John Wieczorek","2017-08-25"
"dwc:bed","bed","dwc","http://rs.tdwg.org/dwc/terms/bed",1,,,"John Wieczorek","2017-08-25"
"dwc:behavior","behavior","dwc","http://rs.tdwg.org/dwc/terms/behavior",1,,,"John Wieczorek","2017-08-25"
"dwc:catalognumber","catalogNumber","dwc","http://rs.tdwg.org/dwc/terms/catalogNumber",1,,,"John Wieczorek","2017-08-25"
"dwc:class","class","dwc","http://rs.tdwg.org/dwc/terms/class",1,,,"John Wieczorek","2017-08-25"
"dwc:collectioncode","collectionCode","dwc","http://rs.tdwg.org/dwc/terms/collectionCode",1,,,"John Wieczorek","2017-08-25"
"dwc:collectionid","collectionID","dwc","http://rs.tdwg.org/dwc/terms/collectionID",1,,,"John Wieczorek","2017-08-25"
"dwc:continent","continent","dwc","http://rs.tdwg.org/dwc/terms/continent",1,,,"John Wieczorek","2017-08-25"
"dwc:coordinateprecision","coordinatePrecision","dwc","http://rs.tdwg.org/dwc/terms/coordinatePrecision",1,,,"John Wieczorek","2017-08-25"
"dwc:coordinateuncertaintyinmeters","coordinateUncertaintyInMeters","dwc","http://rs.tdwg.org/dwc/terms/coordinateUncertaintyInMeters",1,,,"John Wieczorek","2017-08-25"
"dwc:country","country","dwc","http://rs.tdwg.org/dwc/terms/country",1,,,"John Wieczorek","2017-08-25"
"dwc:countrycode","countryCode","dwc","http://rs.tdwg.org/dwc/terms/countryCode",1,,,"John Wieczorek","2017-08-25"
"dwc:county","county","dwc","http://rs.tdwg.org/dwc/terms/county",1,,,"John Wieczorek","2017-08-25"
"dwc:datageneralizations","dataGeneralizations","dwc","http://rs.tdwg.org/dwc/terms/dataGeneralizations",1,,,"John Wieczorek","2017-08-25"
"dwc:datasetid","datasetID","dwc","http://rs.tdwg.org/dwc/terms/datasetID",1,,,"John Wieczorek","2017-08-25"
"dwc:datasetname","datasetName","dwc","http://rs.tdwg.org/dwc/terms/datasetName",1,,,"John Wieczorek","2017-08-25"
"dwc:dateidentified","dateIdentified","dwc","http://rs.tdwg.org/dwc/terms/dateIdentified",1,,,"John Wieczorek","2017-08-25"
"dwc:day","day","dwc","http://rs.tdwg.org/dwc/terms/day",1,,,"John Wieczorek","2017-08-25"
"dwc:decimallatitude","decimalLatitude","dwc","http://rs.tdwg.org/dwc/terms/decimalLatitude",1,,,"John Wieczorek","2017-08-25"
"dwc:decimallongitude","decimalLongitude","dwc","http://rs.tdwg.org/dwc/terms/decimalLongitude",1,,,"John Wieczorek","2017-08-25"
"dwc:disposition","disposition","dwc","http://rs.tdwg.org/dwc/terms/disposition",1,,,"John Wieczorek","2017-08-25"
"dwc:dynamicproperties","dynamicProperties","dwc","http://rs.tdwg.org/dwc/terms/dynamicProperties",1,,,"John Wieczorek","2017-08-25"
"dwc:earliestageorloweststage","earliestAgeOrLowestStage","dwc","http://rs.tdwg.org/dwc/terms/earliestAgeOrLowestStage",1,,,"John Wieczorek","2017-08-25"
"dwc:earliesteonorlowesteonothem","earliestEonOrLowestEonothem","dwc","http://rs.tdwg.org/dwc/terms/earliestEonOrLowestEonothem",1,,,"John Wieczorek","2017-08-25"
"dwc:earliestepochorlowestseries","earliestEpochOrLowestSeries","dwc","http://rs.tdwg.org/dwc/terms/earliestEpochOrLowestSeries",1,,,"John Wieczorek","2017-08-25"
"dwc:earliesteraorlowesterathem","earliestEraOrLowestErathem","dwc","http://rs.tdwg.org/dwc/terms/earliestEraOrLowestErathem",1,,,"John Wieczorek","2017-08-25"
"dwc:earliestperiodorlowestsystem","earliestPeriodOrLowestSystem","dwc","http://rs.tdwg.org/dwc/terms/earliestPeriodOrLowestSystem",1,,,"John Wieczorek","2017-08-25"
"dwc:enddayofyear","endDayOfYear","dwc","http://rs.tdwg.org/dwc/terms/endDayOfYear",1,,,"John Wieczorek","2017-08-25"
"dwc:establishmentmeans","establishmentMeans","dwc","http://rs.tdwg.org/dwc/terms/establishmentMeans",1,,,"John Wieczorek","2017-08-25"
"dwc:eventdate","eventDate","dwc","http://rs.tdwg.org/dwc/terms/eventDate",1,,,"John Wieczorek","2017-08-25"
"dwc:eventid","eventID","dwc","http://rs.tdwg.org/dwc/terms/eventID",1,,,"John Wieczorek","2017-08-25"
"dwc:eventremarks","eventRemarks","dwc","http://rs.tdwg.org/dwc/terms/eventRemarks",1,,,"John Wieczorek","2017-08-25"
"dwc:eventtime","eventTime","dwc","http://rs.tdwg.org/dwc/terms/eventTime",1,,,"John Wieczorek","2017-08-25"
"dwc:family","family","dwc","http://rs.tdwg.org/dwc/terms/family",1,,,"John Wieczorek","2017-08-25"
"dwc:fieldnotes","fieldNotes","dwc","http://rs.tdwg.org/dwc/terms/fieldNotes",1,,,"John Wieczorek","2017-08-25"
"dwc:fieldnumber","fieldNumber","dwc","http://rs.tdwg.org/dwc/terms/fieldNumber",1,,,"John Wieczorek","2017-08-25"
"dwc:footprintspatialfit","footprintSpatialFit","dwc","http://rs.tdwg.org/dwc/terms/footprintSpatialFit",1,,,"John Wieczorek","2017-08-25"
"dwc:footprintsrs","footprintSRS","dwc","http://rs.tdwg.org/dwc/terms/footprintSRS",1,,,"John Wieczorek","2017-08-25"
"dwc:footprintwkt","footprintWKT","dwc","http://rs.tdwg.org/dwc/terms/footprintWKT",1,,,"John Wieczorek","2017-08-25"
"dwc:formation","formation","dwc","http://rs.tdwg.org/dwc/terms/formation",1,,,"John Wieczorek","2017-08-25"
"dwc:genus","genus","dwc","http://rs.tdwg.org/dwc/terms/genus",1,,,"John Wieczorek","2017-08-25"
"dwc:geodeticdatum","geodeticDatum","dwc","http://rs.tdwg.org/dwc/terms/geodeticDatum",1,,,"John Wieczorek","2017-08-25"
"dwc:geologicalcontextid","geologicalContextID","dwc","http://rs.tdwg.org/dwc/terms/geologicalContextID",1,,,"John Wieczorek","2017-08-25"
"dwc:georeferencedby","georeferencedBy","dwc","http://rs.tdwg.org/dwc/terms/georeferencedBy",1,,,"John Wieczorek","2017-08-25"
"dwc:georeferenceddate","georeferencedDate","dwc","http://rs.tdwg.org/dwc/terms/georeferencedDate",1,,,"John Wieczorek","2017-08-25"
"dwc:georeferenceprotocol","georeferenceProtocol","dwc","http://rs.tdwg.org/dwc/terms/georeferenceProtocol",1,,,"John Wieczorek","2017-08-25"
"dwc:georeferenceremarks","georeferenceRemarks","dwc","http://rs.tdwg.org/dwc/terms/georeferenceRemarks",1,,,"John Wieczorek","2017-08-25"
"dwc:georeferencesources","georeferenceSources","dwc","http://rs.tdwg.org/dwc/terms/georeferenceSources",1,,,"John Wieczorek","2017-08-25"
"dwc:georeferenceverificationstatus","georeferenceVerificationStatus","dwc","http://rs.tdwg.org/dwc/terms/georeferenceVerificationStatus",1,,,"John Wieczorek","2017-08-25"
"dwc:group","group","dwc","http://rs.tdwg.org/dwc/terms/group",1,,,"John Wieczorek","2017-08-25"
"dwc:habitat","habitat","dwc","http://rs.tdwg.org/dwc/terms/habitat",1,,,"John Wieczorek","2017-08-25"
"dwc:higherclassification","higherClassification","dwc","http://rs.tdwg.org/dwc/terms/higherClassification",1,,,"John Wieczorek","2017-08-25"
"dwc:highergeography","higherGeography","dwc","http://rs.tdwg.org/dwc/terms/higherGeography",1,,,"John Wieczorek","2017-08-25"
"dwc:highergeographyid","higherGeographyID","dwc","http://rs.tdwg.org/dwc/terms/higherGeographyID",1,,,"John Wieczorek","2017-08-25"
"dwc:highestbiostratigraphiczone","highestBiostratigraphicZone","dwc","http://rs.tdwg.org/dwc/terms/highestBiostratigraphicZone",1,,,"John Wieczorek","2017-08-25"
"dwc:identificationid","identificationID","dwc","http://rs.tdwg.org/dwc/terms/identificationID",1,,,"John Wieczorek","2017-08-25"
"dwc:identificationqualifier","identificationQualifier","dwc","http://rs.tdwg.org/dwc/terms/identificationQualifier",1,,,"John Wieczorek","2017-08-25"
"dwc:identificationreferences","identificationReferences","dwc","http://rs.tdwg.org/dwc/terms/identificationReferences",1,,,"John Wieczorek","2017-08-25"
"dwc:identificationremarks","identificationRemarks","dwc","http://rs.tdwg.org/dwc/terms/identificationRemarks",1,,,"John Wieczorek","2017-08-25"
"dwc:identificationverificationstatus","identificationVerificationStatus","dwc","http://rs.tdwg.org/dwc/terms/identificationVerificationStatus",1,,,"John Wieczorek","2017-08-25"
"dwc:identifiedby","identifiedBy","dwc","http://rs.tdwg.org/dwc/terms/identifiedBy",1,,,"John Wieczorek","2017-08-25"
"dwc:individualcount","individualCount","dwc","http://rs.tdwg.org/dwc/terms/individualCount",1,,,"John Wieczorek","2017-08-25"
"dwc:informationwithheld","informationWithheld","dwc","http://rs.tdwg.org/dwc/terms/informationWithheld",1,,,"John Wieczorek","2017-08-25"
"dwc:infraspecificepithet","infraspecificEpithet","dwc","http://rs.tdwg.org/dwc/terms/infraspecificEpithet",1,,,"John Wieczorek","2017-08-25"
"dwc:institutioncode","institutionCode","dwc","http://rs.tdwg.org/dwc/terms/institutionCode",1,,,"John Wieczorek","2017-08-25"
"dwc:institutionid","institutionID","dwc","http://rs.tdwg.org/dwc/terms/institutionID",1,,,"John Wieczorek","2017-08-25"
"dwc:island","island","dwc","http://rs.tdwg.org/dwc/terms/island",1,,,"John Wieczorek","2017-08-25"
"dwc:islandgroup","islandGroup","dwc","http://rs.tdwg.org/dwc/terms/islandGroup",1,,,"John Wieczorek","2017-08-25"
"dwc:kingdom","kingdom","dwc","http://rs.tdwg.org/dwc/terms/kingdom",1,,,"John Wieczorek","2017-08-25"
"dwc:latestageorhigheststage","latestAgeOrHighestStage","dwc","http://rs.tdwg.org/dwc/terms/latestAgeOrHighestStage",1,,,"John Wieczorek","2017-08-25"
"dwc:latesteonorhighesteonothem","latestEonOrHighestEonothem","dwc","http://rs.tdwg.org/dwc/terms/latestEonOrHighestEonothem",1,,,"John Wieczorek","2017-08-25"
"dwc:latestepochorhighestseries","latestEpochOrHighestSeries","dwc","http://rs.tdwg.org/dwc/terms/latestEpochOrHighestSeries",1,,,"John Wieczorek","2017-08-25"
"dwc:latesteraorhighesterathem","latestEraOrHighestErathem","dwc","http://rs.tdwg.org/dwc/terms/latestEraOrHighestErathem",1,,,"John Wieczorek","2017-08-25"
"dwc:latestperiodorhighestsystem","latestPeriodOrHighestSystem","dwc","http://rs.tdwg.org/dwc/terms/latestPeriodOrHighestSystem",1,,,"John Wieczorek","2017-08-25"
"dwc:lifestage","lifeStage","dwc","http://rs.tdwg.org/dwc/terms/lifeStage",1,,,"John Wieczorek","2017-08-25"
"dwc:lithostratigraphicterms","lithostratigraphicTerms","dwc","http://rs.tdwg.org/dwc/terms/lithostratigraphicTerms",1,,,"John Wieczorek","2017-08-25"
"dwc:locality","locality","dwc","http://rs.tdwg.org/dwc/terms/locality",1,,,"John Wieczorek","2017-08-25"
"dwc:locationaccordingto","locationAccordingTo","dwc","http://rs.tdwg.org/dwc/terms/locationAccordingTo",1,,,"John Wieczorek","2017-08-25"
"dwc:locationid","locationID","dwc","http://rs.tdwg.org/dwc/terms/locationID",1,,,"John Wieczorek","2017-08-25"
"dwc:locationremarks","locationRemarks","dwc","http://rs.tdwg.org/dwc/terms/locationRemarks",1,,,"John Wieczorek","2017-08-25"
"dwc:lowestbiostratigraphiczone","lowestBiostratigraphicZone","dwc","http://rs.tdwg.org/dwc/terms/lowestBiostratigraphicZone",1,,,"John Wieczorek","2017-08-25"
"dwc:materialsampleid","materialSampleID","dwc","http://rs.tdwg.org/dwc/terms/materialSampleID",1,,,"John Wieczorek","2017-08-25"
"dwc:maximumdepthinmeters","maximumDepthInMeters","dwc","http://rs.tdwg.org/dwc/terms/maximumDepthInMeters",1,,,"John Wieczorek","2017-08-25"
"dwc:maximumdistanceabovesurfaceinmeters","maximumDistanceAboveSurfaceInMeters","dwc","http://rs.tdwg.org/dwc/terms/maximumDistanceAboveSurfaceInMeters",1,,,"John Wieczorek","2017-08-25"
"dwc:maximumelevationinmeters","maximumElevationInMeters","dwc","http://rs.tdwg.org/dwc/terms/maximumElevationInMeters",1,,,"John Wieczorek","2017-08-25"
"dwc:member","member","dwc","http://rs.tdwg.org/dwc/terms/member",1,,,"John Wieczorek","2017-08-25"
"dwc:minimumdepthinmeters","minimumDepthInMeters","dwc","http://rs.tdwg.org/dwc/terms/minimumDepthInMeters",1,,,"John Wieczorek","2017-08-25"
"dwc:minimumdistanceabovesurfaceinmeters","minimumDistanceAboveSurfaceInMeters","dwc","http://rs.tdwg.org/dwc/terms/minimumDistanceAboveSurfaceInMeters",1,,,"John Wieczorek","2017-08-25"
"dwc:minimumelevationinmeters","minimumElevationInMeters","dwc","http://rs.tdwg.org/dwc/terms/minimumElevationInMeters",1,,,"John Wieczorek","2017-08-25"
"dwc:month","month","dwc","http://rs.tdwg.org/dwc/terms/month",1,,,"John Wieczorek","2017-08-25"
"dwc:municipality","municipality","dwc","http://rs.tdwg.org/dwc/terms/municipality",1,,,"John Wieczorek","2017-08-25"
"dwc:nameaccordingto","nameAccordingTo","dwc","http://rs.tdwg.org/dwc/terms/nameAccordingTo",1,,,"John Wieczorek","2017-08-25"
"dwc:nameaccordingtoid","nameAccordingToID","dwc","http://rs.tdwg.org/dwc/terms/nameAccordingToID",1,,,"John Wieczorek","2017-08-25"
"dwc:namepublishedin","namePublishedIn","dwc","http://rs.tdwg.org/dwc/terms/namePublishedIn",1,,,"John Wieczorek","2017-08-25"
"dwc:namepublishedinid","namePublishedInID","dwc","http://rs.tdwg.org/dwc/terms/namePublishedInID",1,,,"John Wieczorek","2017-08-25"
"dwc:namepublishedinyear","namePublishedInYear","dwc","http://rs.tdwg.org/dwc/terms/namePublishedInYear",1,,,"John Wieczorek","2017-08-25"
"dwc:nomenclaturalcode","nomenclaturalCode","dwc","http://rs.tdwg.org/dwc/terms/nomenclaturalCode",1,,,"John Wieczorek","2017-08-25"
"dwc:nomenclaturalstatus","nomenclaturalStatus","dwc","http://rs.tdwg.org/dwc/terms/nomenclaturalStatus",1,,,"John Wieczorek","2017-08-25"
"dwc:occurrenceid","occurrenceID","dwc","http://rs.tdwg.org/dwc/terms/occurrenceID",1,,,"John Wieczorek","2017-08-25"
"dwc:occurrenceremarks","occurrenceRemarks","dwc","http://rs.tdwg.org/dwc/terms/occurrenceRemarks",1,,,"John Wieczorek","2017-08-25"
"dwc:occurrencestatus","occurrenceStatus","dwc","http://rs.tdwg.org/dwc/terms/occurrenceStatus",1,,,"John Wieczorek","2017-08-25"
"dwc:order","order","dwc","http://rs.tdwg.org/dwc/terms/order",1,,,"John Wieczorek","2017-08-25"
"dwc:organismid","organismID","dwc","http://rs.tdwg.org/dwc/terms/organismID",1,,,"John Wieczorek","2017-08-25"
"dwc:organismname","organismName","dwc","http://rs.tdwg.org/dwc/terms/organismName",1,,,"John Wieczorek","2017-08-25"
"dwc:organismquantity","organismQuantity","dwc","http://rs.tdwg.org/dwc/terms/organismQuantity",1,,,"John Wieczorek","2017-08-25"
"dwc:organismquantitytype","organismQuantityType","dwc","http://rs.tdwg.org/dwc/terms/organismQuantityType",1,,,"John Wieczorek","2017-08-25"
"dwc:organismremarks","organismRemarks","dwc","http://rs.tdwg.org/dwc/terms/organismRemarks",1,,,"John Wieczorek","2017-08-25"
"dwc:organismscope","organismScope","dwc","http://rs.tdwg.org/dwc/terms/organismScope",1,,,"John Wieczorek","2017-08-25"
"dwc:originalnameusage","originalNameUsage","dwc","http://rs.tdwg.org/dwc/terms/originalNameUsage",1,,,"John Wieczorek","2017-08-25"
"dwc:originalnameusageid","originalNameUsageID","dwc","http://rs.tdwg.org/dwc/terms/originalNameUsageID",1,,,"John Wieczorek","2017-08-25"
"dwc:othercatalognumbers","otherCatalogNumbers","dwc","http://rs.tdwg.org/dwc/terms/otherCatalogNumbers",1,,,"John Wieczorek","2017-08-25"
"dwc:ownerinstitutionCode","ownerInstitutionCode","dwc","http://rs.tdwg.org/dwc/terms/ownerInstitutionCode",1,,,"John Wieczorek","2017-08-25"
"dwc:parenteventid","parentEventID","dwc","http://rs.tdwg.org/dwc/terms/parentEventID",1,,,"John Wieczorek","2017-08-25"
"dwc:parentnameusage","parentNameUsage","dwc","http://rs.tdwg.org/dwc/terms/parentNameUsage",1,,,"John Wieczorek","2017-08-25"
"dwc:parentnameusageid","parentNameUsageID","dwc","http://rs.tdwg.org/dwc/terms/parentNameUsageID",1,,,"John Wieczorek","2017-08-25"
"dwc:phylum","phylum","dwc","http://rs.tdwg.org/dwc/terms/phylum",1,,,"John Wieczorek","2017-08-25"
"dwc:pointradiusspatialfit","pointRadiusSpatialFit","dwc","http://rs.tdwg.org/dwc/terms/pointRadiusSpatialFit",1,,,"John Wieczorek","2017-08-25"
"dwc:preparations","preparations","dwc","http://rs.tdwg.org/dwc/terms/preparations",1,,,"John Wieczorek","2017-08-25"
"dwc:previousidentifications","previousIdentifications","dwc","http://rs.tdwg.org/dwc/terms/previousIdentifications",1,,,"John Wieczorek","2017-08-25"
"dwc:recordedby","recordedBy","dwc","http://rs.tdwg.org/dwc/terms/recordedBy",1,,,"John Wieczorek","2017-08-25"
"dwc:recordnumber","recordNumber","dwc","http://rs.tdwg.org/dwc/terms/recordNumber",1,,,"John Wieczorek","2017-08-25"
"dwc:reproductivecondition","reproductiveCondition","dwc","http://rs.tdwg.org/dwc/terms/reproductiveCondition",1,,,"John Wieczorek","2017-08-25"
"dwc:samplesizeunit","sampleSizeUnit","dwc","http://rs.tdwg.org/dwc/terms/sampleSizeUnit",1,,,"John Wieczorek","2017-08-25"
"dwc:samplesizevalue","sampleSizeValue","dwc","http://rs.tdwg.org/dwc/terms/sampleSizeValue",1,,,"John Wieczorek","2017-08-25"
"dwc:samplingeffort","samplingEffort","dwc","http://rs.tdwg.org/dwc/terms/samplingEffort",1,,,"John Wieczorek","2017-08-25"
"dwc:samplingprotocol","samplingProtocol","dwc","http://rs.tdwg.org/dwc/terms/samplingProtocol",1,,,"John Wieczorek","2017-08-25"
"dwc:scientificname","scientificName","dwc","http://rs.tdwg.org/dwc/terms/scientificName",1,,,"John Wieczorek","2017-08-25"
"dwc:scientificnameauthorship","scientificNameAuthorship","dwc","http://rs.tdwg.org/dwc/terms/scientificNameAuthorship",1,,,"John Wieczorek","2017-08-25"
"dwc:scientificnameid","scientificNameID","dwc","http://rs.tdwg.org/dwc/terms/scientificNameID",1,,,"John Wieczorek","2017-08-25"
"dwc:sex","sex","dwc","http://rs.tdwg.org/dwc/terms/sex",1,,,"John Wieczorek","2017-08-25"
"dwc:specificepithet","specificEpithet","dwc","http://rs.tdwg.org/dwc/terms/specificEpithet",1,,,"John Wieczorek","2017-08-25"
"dwc:startdayofyear","startDayOfYear","dwc","http://rs.tdwg.org/dwc/terms/startDayOfYear",1,,,"John Wieczorek","2017-08-25"
"dwc:stateprovince","stateProvince","dwc","http://rs.tdwg.org/dwc/terms/stateProvince",1,,,"John Wieczorek","2017-08-25"
"dwc:subgenus","subgenus","dwc","http://rs.tdwg.org/dwc/terms/subgenus",1,,,"John Wieczorek","2017-08-25"
"dwc:taxonconceptid","taxonConceptID","dwc","http://rs.tdwg.org/dwc/terms/taxonConceptID",1,,,"John Wieczorek","2017-08-25"
"dwc:taxonid","taxonID","dwc","http://rs.tdwg.org/dwc/terms/taxonID",1,,,"John Wieczorek","2017-08-25"
"dwc:taxonomicstatus","taxonomicStatus","dwc","http://rs.tdwg.org/dwc/terms/taxonomicStatus",1,,,"John Wieczorek","2017-08-25"
"dwc:taxonrank","taxonRank","dwc","http://rs.tdwg.org/dwc/terms/taxonRank",1,,,"John Wieczorek","2017-08-25"
"dwc:taxonremarks","taxonRemarks","dwc","http://rs.tdwg.org/dwc/terms/taxonRemarks",1,,,"John Wieczorek","2017-08-25"
"dwc:typestatus","typeStatus","dwc","http://rs.tdwg.org/dwc/terms/typeStatus",1,,,"John Wieczorek","2017-08-25"
"dwc:verbatimcoordinates","verbatimCoordinates","dwc","http://rs.tdwg.org/dwc/terms/verbatimCoordinates",1,,,"John Wieczorek","2017-08-25"
"dwc:verbatimcoordinatesystem","verbatimCoordinateSystem","dwc","http://rs.tdwg.org/dwc/terms/verbatimCoordinateSystem",1,,,"John Wieczorek","2017-08-25"
"dwc:verbatimdepth","verbatimDepth","dwc","http://rs.tdwg.org/dwc/terms/verbatimDepth",1,,,"John Wieczorek","2017-08-25"
"dwc:verbatimelevation","verbatimElevation","dwc","http://rs.tdwg.org/dwc/terms/verbatimElevation",1,,,"John Wieczorek","2017-08-25"
"dwc:verbatimeventdate","verbatimEventDate","dwc","http://rs.tdwg.org/dwc/terms/verbatimEventDate",1,,,"John Wieczorek","2017-08-25"
"dwc:verbatimlatitude","verbatimLatitude","dwc","http://rs.tdwg.org/dwc/terms/verbatimLatitude",1,,,"John Wieczorek","2017-08-25"
"dwc:verbatimlocality","verbatimLocality","dwc","http://rs.tdwg.org/dwc/terms/verbatimLocality",1,,,"John Wieczorek","2017-08-25"
"dwc:verbatimlongitude","verbatimLongitude","dwc","http://rs.tdwg.org/dwc/terms/verbatimLongitude",1,,,"John Wieczorek","2017-08-25"
"dwc:verbatimsrs","verbatimSRS","dwc","http://rs.tdwg.org/dwc/terms/verbatimSRS",1,,,"John Wieczorek","2017-08-25"
"dwc:verbatimtaxonrank","verbatimTaxonRank","dwc","http://rs.tdwg.org/dwc/terms/verbatimTaxonRank",1,,,"John Wieczorek","2017-08-25"
"dwc:vernacularname","vernacularName","dwc","http://rs.tdwg.org/dwc/terms/vernacularName",1,,,"John Wieczorek","2017-08-25"
"dwc:waterbody","waterBody","dwc","http://rs.tdwg.org/dwc/terms/waterBody",1,,,"John Wieczorek","2017-08-25"
"dwc:year","year","dwc","http://rs.tdwg.org/dwc/terms/year",1,,,"John Wieczorek","2017-08-25"
"dynamicproperties","dynamicProperties","dwc","http://rs.tdwg.org/dwc/terms/dynamicProperties",1,,,"John Wieczorek","2017-08-25"
"earliestageorloweststage","earliestAgeOrLowestStage","dwc","http://rs.tdwg.org/dwc/terms/earliestAgeOrLowestStage",1,,,"John Wieczorek","2017-08-25"
"earliesteonorlowesteonothem","earliestEonOrLowestEonothem","dwc","http://rs.tdwg.org/dwc/terms/earliestEonOrLowestEonothem",1,,,"John Wieczorek","2017-08-25"
"earliestepochorlowestseries","earliestEpochOrLowestSeries","dwc","http://rs.tdwg.org/dwc/terms/earliestEpochOrLowestSeries",1,,,"John Wieczorek","2017-08-25"
"earliesteraorlowesterathem","earliestEraOrLowestErathem","dwc","http://rs.tdwg.org/dwc/terms/earliestEraOrLowestErathem",1,,,"John Wieczorek","2017-08-25"
"earliestperiodorlowestsystem","earliestPeriodOrLowestSystem","dwc","http://rs.tdwg.org/dwc/terms/earliestPeriodOrLowestSystem",1,,,"John Wieczorek","2017-08-25"
"enddayofyear","endDayOfYear","dwc","http://rs.tdwg.org/dwc/terms/endDayOfYear",1,,,"John Wieczorek","2017-08-25"
"especie","specificEpithet","dwc","http://rs.tdwg.org/dwc/terms/specificEpithet",1,,,"John Wieczorek","2017-10-24"
"establishmentmeans","establishmentMeans","dwc","http://rs.tdwg.org/dwc/terms/establishmentMeans",1,,,"John Wieczorek","2017-08-25"
"estado","stateProvince","dwc","http://rs.tdwg.org/dwc/terms/stateProvince",1,,,"John Wieczorek","2017-10-23"
"eventdate","eventDate","dwc","http://rs.tdwg.org/dwc/terms/eventDate",1,,,"John Wieczorek","2017-08-25"
"eventid","eventID","dwc","http://rs.tdwg.org/dwc/terms/eventID",1,,,"John Wieczorek","2017-08-25"
"eventremarks","eventRemarks","dwc","http://rs.tdwg.org/dwc/terms/eventRemarks",1,,,"John Wieczorek","2017-08-25"
"eventtime","eventTime","dwc","http://rs.tdwg.org/dwc/terms/eventTime",1,,,"John Wieczorek","2017-08-25"
"extractionid",,,,1,"FIMS",,"John Wieczorek","2017-08-25"
"familia","family","dwc","http://rs.tdwg.org/dwc/terms/family",1,,,"John Wieczorek","2017-10-24"
"family","family","dwc","http://rs.tdwg.org/dwc/terms/family",1,,,"John Wieczorek","2017-08-25"
"fecha de colecta","eventDate","dwc","http://rs.tdwg.org/dwc/terms/eventDate",1,,,"John Wieczorek","2017-10-24"
"field #",,,,1,,"Could be a recordNumber or a fieldNumber.","John Wieczorek","2017-08-25"
"fieldnotes","fieldNotes","dwc","http://rs.tdwg.org/dwc/terms/fieldNotes",1,,,"John Wieczorek","2017-08-25"
"fieldnumber","fieldNumber","dwc","http://rs.tdwg.org/dwc/terms/fieldNumber",1,,,"John Wieczorek","2017-08-25"
"filo","phylum","dwc","http://rs.tdwg.org/dwc/terms/phylum",1,,,"John Wieczorek","2017-10-24"
"footprintspatialfit","footprintSpatialFit","dwc","http://rs.tdwg.org/dwc/terms/footprintSpatialFit",1,,,"John Wieczorek","2017-08-25"
"footprintsrs","footprintSRS","dwc","http://rs.tdwg.org/dwc/terms/footprintSRS",1,,,"John Wieczorek","2017-08-25"
"footprintwkt","footprintWKT","dwc","http://rs.tdwg.org/dwc/terms/footprintWKT",1,,,"John Wieczorek","2017-08-25"
"formation","formation","dwc","http://rs.tdwg.org/dwc/terms/formation",1,,,"John Wieczorek","2017-08-25"
"fundingsource",,,,1,"FIMS",,"John Wieczorek","2017-08-25"
"genero","genus","dwc","http://rs.tdwg.org/dwc/terms/genus",1,,,"John Wieczorek","2017-10-24"
"género","genus","dwc","http://rs.tdwg.org/dwc/terms/genus",1,,,"John Wieczorek","2017-10-24"
"genetictissuetype",,,,1,"FIMS","Contributes ""tissue"" to dwc:preparations if present","John Wieczorek","2017-08-25"
"genus","genus","dwc","http://rs.tdwg.org/dwc/terms/genus",1,,,"John Wieczorek","2017-08-25"
"geodeticdatum","geodeticDatum","dwc","http://rs.tdwg.org/dwc/terms/geodeticDatum",1,,,"John Wieczorek","2017-08-25"
"geologicalcontextid","geologicalContextID","dwc","http://rs.tdwg.org/dwc/terms/geologicalContextID",1,,,"John Wieczorek","2017-08-25"
"georeferencedby","georeferencedBy","dwc","http://rs.tdwg.org/dwc/terms/georeferencedBy",1,,,"John Wieczorek","2017-08-25"
"georeferenceddate","georeferencedDate","dwc","http://rs.tdwg.org/dwc/terms/georeferencedDate",1,,,"John Wieczorek","2017-08-25"
"georeferenceprotocol","georeferenceProtocol","dwc","http://rs.tdwg.org/dwc/terms/georeferenceProtocol",1,,,"John Wieczorek","2017-08-25"
"georeferenceremarks","georeferenceRemarks","dwc","http://rs.tdwg.org/dwc/terms/georeferenceRemarks",1,,,"John Wieczorek","2017-08-25"
"georeferencesources","georeferenceSources","dwc","http://rs.tdwg.org/dwc/terms/georeferenceSources",1,,,"John Wieczorek","2017-08-25"
"georeferenceverificationstatus","georeferenceVerificationStatus","dwc","http://rs.tdwg.org/dwc/terms/georeferenceVerificationStatus",1,,,"John Wieczorek","2017-08-25"
"group","group","dwc","http://rs.tdwg.org/dwc/terms/group",1,,,"John Wieczorek","2017-08-25"
"habitat","habitat","dwc","http://rs.tdwg.org/dwc/terms/habitat",1,,,"John Wieczorek","2017-08-25"
"higherclassification","higherClassification","dwc","http://rs.tdwg.org/dwc/terms/higherClassification",1,,,"John Wieczorek","2017-08-25"
"highergeography","higherGeography","dwc","http://rs.tdwg.org/dwc/terms/higherGeography",1,,,"John Wieczorek","2017-08-25"
"highergeographyid","higherGeographyID","dwc","http://rs.tdwg.org/dwc/terms/higherGeographyID",1,,,"John Wieczorek","2017-08-25"
"highestbiostratigraphiczone","highestBiostratigraphicZone","dwc","http://rs.tdwg.org/dwc/terms/highestBiostratigraphicZone",1,,,"John Wieczorek","2017-08-25"
"id",,,,1,,"ambiguous","John Wieczorek","2017-08-25"
"identificationid","identificationID","dwc","http://rs.tdwg.org/dwc/terms/identificationID",1,,,"John Wieczorek","2017-08-25"
"identificationqualifier","identificationQualifier","dwc","http://rs.tdwg.org/dwc/terms/identificationQualifier",1,,,"John Wieczorek","2017-08-25"
"identificationreferences","identificationReferences","dwc","http://rs.tdwg.org/dwc/terms/identificationReferences",1,,,"John Wieczorek","2017-08-25"
"identificationremarks","identificationRemarks","dwc","http://rs.tdwg.org/dwc/terms/identificationRemarks",1,,,"John Wieczorek","2017-08-25"
"identificationverificationstatus","identificationVerificationStatus","dwc","http://rs.tdwg.org/dwc/terms/identificationVerificationStatus",1,,,"John Wieczorek","2017-08-25"
"identifiedby","identifiedBy","dwc","http://rs.tdwg.org/dwc/terms/identifiedBy",1,,,"John Wieczorek","2017-08-25"
"individualcount","individualCount","dwc","http://rs.tdwg.org/dwc/terms/individualCount",1,,,"John Wieczorek","2017-08-25"
"informationwithheld","informationWithheld","dwc","http://rs.tdwg.org/dwc/terms/informationWithheld",1,,,"John Wieczorek","2017-08-25"
"infraspecificepithet","infraspecificEpithet","dwc","http://rs.tdwg.org/dwc/terms/infraspecificEpithet",1,,,"John Wieczorek","2017-08-25"
"institutioncode","institutionCode","dwc","http://rs.tdwg.org/dwc/terms/institutionCode",1,,,"John Wieczorek","2017-08-25"
"institutionid","institutionID","dwc","http://rs.tdwg.org/dwc/terms/institutionID",1,,,"John Wieczorek","2017-08-25"
"isla","island","dwc","http://rs.tdwg.org/dwc/terms/island",1,,,"John Wieczorek","2017-10-23"
"island","island","dwc","http://rs.tdwg.org/dwc/terms/island",1,,,"John Wieczorek","2017-08-25"
"islandgroup","islandGroup","dwc","http://rs.tdwg.org/dwc/terms/islandGroup",1,,,"John Wieczorek","2017-08-25"
"kingdom","kingdom","dwc","http://rs.tdwg.org/dwc/terms/kingdom",1,,,"John Wieczorek","2017-08-25"
"language","language","dcterms","http://purl.org/dc/terms/language",1,,,"John Wieczorek","2017-08-25"
"lat","verbatimLatitude","dwc","http://rs.tdwg.org/dwc/terms/verbatimLatitude",1,,"If dwc:verbatimLatitude not populated","John Wieczorek","2017-08-25"
"latestageorhigheststage","latestAgeOrHighestStage","dwc","http://rs.tdwg.org/dwc/terms/latestAgeOrHighestStage",1,,,"John Wieczorek","2017-08-25"
"latesteonorhighesteonothem","latestEonOrHighestEonothem","dwc","http://rs.tdwg.org/dwc/terms/latestEonOrHighestEonothem",1,,,"John Wieczorek","2017-08-25"
"latestepochorhighestseries","latestEpochOrHighestSeries","dwc","http://rs.tdwg.org/dwc/terms/latestEpochOrHighestSeries",1,,,"John Wieczorek","2017-08-25"
"latesteraorhighesterathem","latestEraOrHighestErathem","dwc","http://rs.tdwg.org/dwc/terms/latestEraOrHighestErathem",1,,,"John Wieczorek","2017-08-25"
"latestperiodorhighestsystem","latestPeriodOrHighestSystem","dwc","http://rs.tdwg.org/dwc/terms/latestPeriodOrHighestSystem",1,,,"John Wieczorek","2017-08-25"
"latitud","verbatimLatitude","dwc","http://rs.tdwg.org/dwc/terms/verbatimLatitude",1,,,"John Wieczorek","2017-10-24"
"latitude","verbatimLatitude","dwc","http://rs.tdwg.org/dwc/terms/verbatimLatitude",1,,"If dwc:verbatimLatitude not populated","John Wieczorek","2017-08-25"
"length","length","dwcloud",,1,,"dynamicProperties as length, or MeasurementOrFact","John Wieczorek","2017-08-25"
"license","license","dcterms","http://purl.org/dc/terms/license",1,,,"John Wieczorek","2017-08-25"
"lifestage","lifeStage","dwc","http://rs.tdwg.org/dwc/terms/lifeStage",1,,,"John Wieczorek","2017-08-25"
"lithostratigraphicterms","lithostratigraphicTerms","dwc","http://rs.tdwg.org/dwc/terms/lithostratigraphicTerms",1,,,"John Wieczorek","2017-08-25"
"localidad","locality","dwc","http://rs.tdwg.org/dwc/terms/locality",1,,,"John Wieczorek","2017-10-24"
"locality","locality","dwc","http://rs.tdwg.org/dwc/terms/locality",1,,,"John Wieczorek","2017-08-25"
"locationaccordingto","locationAccordingTo","dwc","http://rs.tdwg.org/dwc/terms/locationAccordingTo",1,,,"John Wieczorek","2017-08-25"
"locationid","locationID","dwc","http://rs.tdwg.org/dwc/terms/locationID",1,,,"John Wieczorek","2017-08-25"
"locationremarks","locationRemarks","dwc","http://rs.tdwg.org/dwc/terms/locationRemarks",1,,,"John Wieczorek","2017-08-25"
"lon","verbatimLongitude","dwc","http://rs.tdwg.org/dwc/terms/verbatimLongitude",1,,"If dwc:verbatimLongitude not populated","John Wieczorek","2017-08-25"
"long","verbatimLongitude","dwc","http://rs.tdwg.org/dwc/terms/verbatimLongitude",1,,"If dwc:verbatimLongitude not populated","John Wieczorek","2017-08-25"
"longitud","verbatimLongitude","dwc","http://rs.tdwg.org/dwc/terms/verbatimLongitude",1,,,"John Wieczorek","2017-10-24"
"longitude","verbatimLongitude","dwc","http://rs.tdwg.org/dwc/terms/verbatimLongitude",1,,"If dwc:verbatimLongitude not populated","John Wieczorek","2017-08-25"
"lot count","individualCount","dwc","http://rs.tdwg.org/dwc/terms/individualCount",1,,,"John Wieczorek","2017-08-25"
"lowestbiostratigraphiczone","lowestBiostratigraphicZone","dwc","http://rs.tdwg.org/dwc/terms/lowestBiostratigraphicZone",1,,,"John Wieczorek","2017-08-25"
"materialsampleid","materialSampleID","dwc","http://rs.tdwg.org/dwc/terms/materialSampleID",1,,,"John Wieczorek","2017-08-25"
"maximumdepthinmeters","maximumDepthInMeters","dwc","http://rs.tdwg.org/dwc/terms/maximumDepthInMeters",1,,,"John Wieczorek","2017-08-25"
"maximumdistanceabovesurfaceinmeters","maximumDistanceAboveSurfaceInMeters","dwc","http://rs.tdwg.org/dwc/terms/maximumDistanceAboveSurfaceInMeters",1,,,"John Wieczorek","2017-08-25"
"maximumelevationinmeters","maximumElevationInMeters","dwc","http://rs.tdwg.org/dwc/terms/maximumElevationInMeters",1,,,"John Wieczorek","2017-08-25"
"member","member","dwc","http://rs.tdwg.org/dwc/terms/member",1,,,"John Wieczorek","2017-08-25"
"mes","month","dwc","http://rs.tdwg.org/dwc/terms/month",1,,,"John Wieczorek","2017-10-24"
"microhabitat",,,,1,"FIMS",,"John Wieczorek","2017-08-25"
"minimumdepthinmeters","minimumDepthInMeters","dwc","http://rs.tdwg.org/dwc/terms/minimumDepthInMeters",1,,,"John Wieczorek","2017-08-25"
"minimumdistanceabovesurfaceinmeters","minimumDistanceAboveSurfaceInMeters","dwc","http://rs.tdwg.org/dwc/terms/minimumDistanceAboveSurfaceInMeters",1,,,"John Wieczorek","2017-08-25"
"minimumelevationinmeters","minimumElevationInMeters","dwc","http://rs.tdwg.org/dwc/terms/minimumElevationInMeters",1,,,"John Wieczorek","2017-08-25"
"modified","modified","dcterms","http://purl.org/dc/terms/modified",1,,,"John Wieczorek","2017-08-25"
"month","month","dwc","http://rs.tdwg.org/dwc/terms/month",1,,,"John Wieczorek","2017-08-25"
"monthcollected","month","dwc","http://rs.tdwg.org/dwc/terms/month",1,,,"John Wieczorek","2017-08-25"
"monthidentified","monthIdentified","dwcloud",,1,,"Contributes to dwc:dateIdentified","John Wieczorek","2017-08-25"
"municipality","municipality","dwc","http://rs.tdwg.org/dwc/terms/municipality",1,,,"John Wieczorek","2017-08-25"
"municipio","municipality","dwc","http://rs.tdwg.org/dwc/terms/municipality",1,,,"John Wieczorek","2017-10-23"
"nameaccordingto","nameAccordingTo","dwc","http://rs.tdwg.org/dwc/terms/nameAccordingTo",1,,,"John Wieczorek","2017-08-25"
"nameaccordingtoid","nameAccordingToID","dwc","http://rs.tdwg.org/dwc/terms/nameAccordingToID",1,,,"John Wieczorek","2017-08-25"
"namepublishedin","namePublishedIn","dwc","http://rs.tdwg.org/dwc/terms/namePublishedIn",1,,,"John Wieczorek","2017-08-25"
"namepublishedinid","namePublishedInID","dwc","http://rs.tdwg.org/dwc/terms/namePublishedInID",1,,,"John Wieczorek","2017-08-25"
"namepublishedinyear","namePublishedInYear","dwc","http://rs.tdwg.org/dwc/terms/namePublishedInYear",1,,,"John Wieczorek","2017-08-25"
"nombre cientifico","scientificName","dwc","http://rs.tdwg.org/dwc/terms/scientificName",1,,,"John Wieczorek","2017-10-24"
"nombre científico","scientificName","dwc","http://rs.tdwg.org/dwc/terms/scientificName",1,,,"John Wieczorek","2017-10-24"
"nomenclaturalcode","nomenclaturalCode","dwc","http://rs.tdwg.org/dwc/terms/nomenclaturalCode",1,,,"John Wieczorek","2017-08-25"
"nomenclaturalstatus","nomenclaturalStatus","dwc","http://rs.tdwg.org/dwc/terms/nomenclaturalStatus",1,,,"John Wieczorek","2017-08-25"
"numcat","catalogNumber","dwc","http://rs.tdwg.org/dwc/terms/catalogNumber",1,,,"John Wieczorek","2017-10-24"
"occurrenceid","occurrenceID","dwc","http://rs.tdwg.org/dwc/terms/occurrenceID",1,,,"John Wieczorek","2017-08-25"
"occurrenceremarks","occurrenceRemarks","dwc","http://rs.tdwg.org/dwc/terms/occurrenceRemarks",1,,,"John Wieczorek","2017-08-25"
"occurrencestatus","occurrenceStatus","dwc","http://rs.tdwg.org/dwc/terms/occurrenceStatus",1,,,"John Wieczorek","2017-08-25"
"ocean","waterBody","dwc","http://rs.tdwg.org/dwc/terms/waterBody",1,,,"John Wieczorek","2017-10-23"
"oceano","waterBody","dwc","http://rs.tdwg.org/dwc/terms/waterBody",1,,,"John Wieczorek","2017-10-23"
"océano","waterBody","dwc","http://rs.tdwg.org/dwc/terms/waterBody",1,,,"John Wieczorek","2017-10-23"
"orden","order","dwc","http://rs.tdwg.org/dwc/terms/order",1,,,"John Wieczorek","2017-10-24"
"order","order","dwc","http://rs.tdwg.org/dwc/terms/order",1,,,"John Wieczorek","2017-08-25"
"organismid","organismID","dwc","http://rs.tdwg.org/dwc/terms/organismID",1,,,"John Wieczorek","2017-08-25"
"organismname","organismName","dwc","http://rs.tdwg.org/dwc/terms/organismName",1,,,"John Wieczorek","2017-08-25"
"organismquantity","organismQuantity","dwc","http://rs.tdwg.org/dwc/terms/organismQuantity",1,,,"John Wieczorek","2017-08-25"
"organismquantitytype","organismQuantityType","dwc","http://rs.tdwg.org/dwc/terms/organismQuantityType",1,,,"John Wieczorek","2017-08-25"
"organismremarks","organismRemarks","dwc","http://rs.tdwg.org/dwc/terms/organismRemarks",1,,,"John Wieczorek","2017-08-25"
"organismscope","organismScope","dwc","http://rs.tdwg.org/dwc/terms/organismScope",1,,,"John Wieczorek","2017-08-25"
"originalnameusage","originalNameUsage","dwc","http://rs.tdwg.org/dwc/terms/originalNameUsage",1,,,"John Wieczorek","2017-08-25"
"originalnameusageid","originalNameUsageID","dwc","http://rs.tdwg.org/dwc/terms/originalNameUsageID",1,,,"John Wieczorek","2017-08-25"
"othercatalognumbers","otherCatalogNumbers","dwc","http://rs.tdwg.org/dwc/terms/otherCatalogNumbers",1,,,"John Wieczorek","2017-08-25"
"ownerinstitutioncode","ownerInstitutionCode","dwc","http://rs.tdwg.org/dwc/terms/ownerInstitutionCode",1,,,"John Wieczorek","2017-08-25"
"país","country","dwc","http://rs.tdwg.org/dwc/terms/country",1,,,"John Wieczorek","2017-10-23"
"parenteventid","parentEventID","dwc","http://rs.tdwg.org/dwc/terms/parentEventID",1,,,"John Wieczorek","2017-08-25"
"parentnameusage","parentNameUsage","dwc","http://rs.tdwg.org/dwc/terms/parentNameUsage",1,,,"John Wieczorek","2017-08-25"
"parentnameusageid","parentNameUsageID","dwc","http://rs.tdwg.org/dwc/terms/parentNameUsageID",1,,,"John Wieczorek","2017-08-25"
"permitinformation",,,,1,"FIMS",,"John Wieczorek","2017-08-25"
"photo","associatedMedia","dwc","http://rs.tdwg.org/dwc/terms/associatedMedia",1,,"There could be other fields that also map into associatedMedia.","John Wieczorek","2017-08-25"
"phylum","phylum","dwc","http://rs.tdwg.org/dwc/terms/phylum",1,,,"John Wieczorek","2017-08-25"
"plateid",,,,1,"FIMS",,"John Wieczorek","2017-08-25"
"pointradiusspatialfit","pointRadiusSpatialFit","dwc","http://rs.tdwg.org/dwc/terms/pointRadiusSpatialFit",1,,,"John Wieczorek","2017-08-25"
"preparations","preparations","dwc","http://rs.tdwg.org/dwc/terms/preparations",1,,,"John Wieczorek","2017-08-25"
"preparator",,,,1,,"This may be in addition to a collector.","John Wieczorek","2017-08-25"
"preservative",,,,1,"FIMS","Contributes to dwc:preparations","John Wieczorek","2017-08-25"
"previousidentifications","previousIdentifications","dwc","http://rs.tdwg.org/dwc/terms/previousIdentifications",1,,,"John Wieczorek","2017-08-25"
"previoustissueid","otherCatalogNumbers","dwc","http://rs.tdwg.org/dwc/terms/otherCatalogNumbers",1,"FIMS","Contributes ""tissue"" to dwc:preparations if present","John Wieczorek","2017-08-25"
"principalinvestigator",,,,1,"FIMS",,"John Wieczorek","2017-08-25"
"province","stateProvince","dwc","http://rs.tdwg.org/dwc/terms/stateProvince",1,,,"John Wieczorek","2017-10-23"
"provincia","stateProvince","dwc","http://rs.tdwg.org/dwc/terms/stateProvince",1,,,"John Wieczorek","2017-10-23"
"recordedby","recordedBy","dwc","http://rs.tdwg.org/dwc/terms/recordedBy",1,,,"John Wieczorek","2017-08-25"
"recordnumber","recordNumber","dwc","http://rs.tdwg.org/dwc/terms/recordNumber",1,,,"John Wieczorek","2017-08-25"
"references","references","dcterms","http://purl.org/dc/terms/references",1,,,"John Wieczorek","2017-08-25"
"reino","kingdom","dwc","http://rs.tdwg.org/dwc/terms/kingdom",1,,,"John Wieczorek","2017-10-24"
"reproductivecondition","reproductiveCondition","dwc","http://rs.tdwg.org/dwc/terms/reproductiveCondition",1,,,"John Wieczorek","2017-08-25"
"rightsholder","rightsHolder","dcterms","http://purl.org/dc/terms/rightsHolder",1,,,"John Wieczorek","2017-08-25"
"rio","waterBody","dwc","http://rs.tdwg.org/dwc/terms/waterBody",1,,,"John Wieczorek","2017-10-23"
"río","waterBody","dwc","http://rs.tdwg.org/dwc/terms/waterBody",1,,,"John Wieczorek","2017-10-23"
"river","waterBody","dwc","http://rs.tdwg.org/dwc/terms/waterBody",1,,,"John Wieczorek","2017-10-23"
"samplesizeunit","sampleSizeUnit","dwc","http://rs.tdwg.org/dwc/terms/sampleSizeUnit",1,,,"John Wieczorek","2017-08-25"
"samplesizevalue","sampleSizeValue","dwc","http://rs.tdwg.org/dwc/terms/sampleSizeValue",1,,,"John Wieczorek","2017-08-25"
"samplingeffort","samplingEffort","dwc","http://rs.tdwg.org/dwc/terms/samplingEffort",1,,,"John Wieczorek","2017-08-25"
"samplingprotocol","samplingProtocol","dwc","http://rs.tdwg.org/dwc/terms/samplingProtocol",1,,,"John Wieczorek","2017-08-25"
"scientificname","scientificName","dwc","http://rs.tdwg.org/dwc/terms/scientificName",1,,,"John Wieczorek","2017-08-25"
"scientificnameauthorship","scientificNameAuthorship","dwc","http://rs.tdwg.org/dwc/terms/scientificNameAuthorship",1,,,"John Wieczorek","2017-08-25"
"scientificnameid","scientificNameID","dwc","http://rs.tdwg.org/dwc/terms/scientificNameID",1,,,"John Wieczorek","2017-08-25"
"sex","sex","dwc","http://rs.tdwg.org/dwc/terms/sex",1,,,"John Wieczorek","2017-08-25"
"sexo","sex","dwc","http://rs.tdwg.org/dwc/terms/sex",1,,,"John Wieczorek","2017-10-24"
"species","specificEpithet","dwc","http://rs.tdwg.org/dwc/terms/specificEpithet",1,,,"John Wieczorek","2017-08-25"
"specificepithet","specificEpithet","dwc","http://rs.tdwg.org/dwc/terms/specificEpithet",1,,,"John Wieczorek","2017-08-25"
"startdayofyear","startDayOfYear","dwc","http://rs.tdwg.org/dwc/terms/startDayOfYear",1,,,"John Wieczorek","2017-08-25"
"state","stateProvince","dwc","http://rs.tdwg.org/dwc/terms/stateProvince",1,,,"John Wieczorek","2017-10-23"
"state/province","stateProvince","dwc","http://rs.tdwg.org/dwc/terms/stateProvince",1,,,"John Wieczorek","2017-10-23"
"stateprovince","stateProvince","dwc","http://rs.tdwg.org/dwc/terms/stateProvince",1,,,"John Wieczorek","2017-08-25"
"subespecie","infraspecificEpithet","dwc","http://rs.tdwg.org/dwc/terms/infraspecificEpithet",1,,,"John Wieczorek","2017-10-24"
"subfamily",,,,1,,"Can be mapped into dwc:higherClassification with other fields.","John Wieczorek","2017-08-25"
"subgenus","subgenus","dwc","http://rs.tdwg.org/dwc/terms/subgenus",1,,,"John Wieczorek","2017-08-25"
"subspecies","infraspecificEpithet","dwc","http://rs.tdwg.org/dwc/terms/infraspecificEpithet",1,,,"John Wieczorek","2017-08-25"
"substratum",,,,1,"FIMS",,"John Wieczorek","2017-08-25"
"taxonconceptid","taxonConceptID","dwc","http://rs.tdwg.org/dwc/terms/taxonConceptID",1,,,"John Wieczorek","2017-08-25"
"taxonid","taxonID","dwc","http://rs.tdwg.org/dwc/terms/taxonID",1,,,"John Wieczorek","2017-08-25"
"taxonomicstatus","taxonomicStatus","dwc","http://rs.tdwg.org/dwc/terms/taxonomicStatus",1,,,"John Wieczorek","2017-08-25"
"taxonrank","taxonRank","dwc","http://rs.tdwg.org/dwc/terms/taxonRank",1,,,"John Wieczorek","2017-08-25"
"taxonremarks","taxonRemarks","dwc","http://rs.tdwg.org/dwc/terms/taxonRemarks",1,,,"John Wieczorek","2017-08-25"
"tissuestorageid",,,,1,"FIMS",,"John Wieczorek","2017-08-25"
"type","type","dcterms","http://purl.org/dc/terms/type",1,,,"John Wieczorek","2017-08-25"
"typestatus","typeStatus","dwc","http://rs.tdwg.org/dwc/terms/typeStatus",1,,,"John Wieczorek","2017-08-25"
"verbatimcoordinates","verbatimCoordinates","dwc","http://rs.tdwg.org/dwc/terms/verbatimCoordinates",1,,,"John Wieczorek","2017-08-25"
"verbatimcoordinatesystem","verbatimCoordinateSystem","dwc","http://rs.tdwg.org/dwc/terms/verbatimCoordinateSystem",1,,,"John Wieczorek","2017-08-25"
"verbatimdepth","verbatimDepth","dwc","http://rs.tdwg.org/dwc/terms/verbatimDepth",1,,,"John Wieczorek","2017-08-25"
"verbatimelevation","verbatimElevation","dwc","http://rs.tdwg.org/dwc/terms/verbatimElevation",1,,,"John Wieczorek","2017-08-25"
"verbatimeventdate","verbatimEventDate","dwc","http://rs.tdwg.org/dwc/terms/verbatimEventDate",1,,,"John Wieczorek","2017-08-25"
"verbatimlatitude","verbatimLatitude","dwc","http://rs.tdwg.org/dwc/terms/verbatimLatitude",1,,,"John Wieczorek","2017-08-25"
"verbatimlocality","verbatimLocality","dwc","http://rs.tdwg.org/dwc/terms/verbatimLocality",1,,,"John Wieczorek","2017-08-25"
"verbatimlongitude","verbatimLongitude","dwc","http://rs.tdwg.org/dwc/terms/verbatimLongitude",1,,,"John Wieczorek","2017-08-25"
"verbatimsrs","verbatimSRS","dwc","http://rs.tdwg.org/dwc/terms/verbatimSRS",1,,,"John Wieczorek","2017-08-25"
"verbatimtaxonrank","verbatimTaxonRank","dwc","http://rs.tdwg.org/dwc/terms/verbatimTaxonRank",1,,,"John Wieczorek","2017-08-25"
"vernacularname","vernacularName","dwc","http://rs.tdwg.org/dwc/terms/vernacularName",1,,,"John Wieczorek","2017-08-25"
"waterbody","waterBody","dwc","http://rs.tdwg.org/dwc/terms/waterBody",1,,,"John Wieczorek","2017-08-25"
"weight","weight","dwcloud",,1,,"dynamicProperties as weight, or MeasurementOrFact","John Wieczorek","2017-08-25"
"wellid",,,,1,"FIMS",,"John Wieczorek","2017-08-25"
"wormsid","taxonID","dwc","http://rs.tdwg.org/dwc/terms/taxonID",1,"FIMS",,"John Wieczorek","2017-08-25"
"year","year","dwc","http://rs.tdwg.org/dwc/terms/year",1,,,"John Wieczorek","2017-08-25"
"yearcollected","year","dwc","http://rs.tdwg.org/dwc/terms/year",1,,,"John Wieczorek","2017-08-25"
"yearidentified","yearIdentified","dwcloud",,1,,"Contributes to dwc:dateIdentified","John Wieczorek","2017-08-25"
