"Waterbody","IslandGroup","Island"
,,"Anastasia"
,,"Avery"
,,"Bellows"
,,"Bird Rock"
,,"Captree"
,,"Cedar"
,,"Cockburn"
,,"De Horsey"
,,"Disko"
,,"Duck"
,,"Elrington"
,,"Emerald Isle"
,,"Evans (Bishop Rock)"
,,"Fidalgo"
,,"Fir"
,,"Flat Island"
,,"Goeree-Overflakkee"
,,"Greeenland"
,,"Green"
,,"Greenland"
,,"Guemes"
,,"Harker's"
,,"Hatteras"
,,"Ihla Grande"
,,"Isle of Sarkardlet"
,,"Jekyll"
,,"Little Galoo"
,,"Long Island"
,,"Longboat Key"
,,"Madagascar"
,,"Magdalena"
,,"Marion"
,,"Martha's Vineyard"
,,"Merrit"
,,"Midway"
,,"Monkey"
,,"Mud"
,,"New Guinea"
,,"Pelican"
,,"Phillip Island"
,,"Princess Royal"
,,"Radio"
,,"Ransom Point"
,,"Rock"
,,"Rothurst Island"
,,"Saint Helena"
,,"Samish"
,,"Sanibel"
,,"Shell"
,,"Shelter"
,,"Sumatra"
,,"Tasmania"
,,"Tholen"
,,"Tierra del Fuego"
,,"Treasure Island"
,,"Vancouver Island"
,,"Wainwright"
,,"Walpole"
,,"Whale"
,,"White Marsh"
,,"Willard"
,"Aasiaat Archipelago","Aasiaat"
,"Arquipélago do Marajó","Ilha de Marajó"
,"Berkeley Islands","Seymour"
,"British Isles","Hexham"
,"British Isles","Tiree"
,"Canadian Arctic Archipelago","Baffin"
,"Canadian Arctic Archipelago","Banks"
,"Canadian Arctic Archipelago","Southampton"
,"Canadian Arctic Archipelago","Victoria"
,"Islas de los Timbales","Timbales"
,"Long Island and New York City barrier Islands","East Fire Island"
,"Long Island and New York City barrier Islands","Fire Island"
,"Maritime Southeast Asia","New Guinea"
,"Queen Elizabeth Islands","Baillie-Hamilton"
,"Queen Elizabeth Islands","Bathurst"
,"Queen Elizabeth Islands","Cornwallis"
,"Queen Elizabeth Islands","Ellesmere"
,"San Juan Islands","Lopez"
,"San Juan Islands","Orcas"
,"San Juan Islands","San Juan"
,"San Juan Islands","Shaw"
,"San Juan Islands","Waldron"
,"Singapore","Palawan"
,"Singapore","Salu"
,"Singapore","Singapore"
,"Upernavik Archipelago","Kittorsaq"
,"Visayas","Negros"
"Adriatic Sea",,"Korčula"
"Adriatic Sea","North-Dalmation Archipelago","Pag"
"Aegean Sea",,"Falconera Island"
"Aegean Sea","Dodecanese","Kos"
"Amazonas",,"Caviana"
"Amazonas","Arquipélago do Marajó","Marajó"
"Aransas Bay",,"Lydia Ann"
"Arctic Ocean","Sverdrup Islands","Axel Heiberg"
"Back Bay",,"Cedar"
"Baffin Bay",,"Devon"
"Bahía Amortajada",,"San José"
"Bahía de los Angeles","Coronados","Coronado Norte"
"Bahía de los Angeles","Coronados","Pilón de Azúcar"
"Baltic Sea",,"Bornholm"
"Baltic Sea",,"Fehmarn"
"Baltic Sea",,"Lolland"
"Baltic Sea",,"Öland"
"Barents Sea","Svalbard","Bjørnøya"
"Barents Sea","Svalbard","Spitzbergen"
"Barkley Sound",,"Vancouver"
"Bay of Bengal","Andaman Islands","Middle Andaman"
"Bay of Bengal","Andaman Islands","Narcondam"
"Bay of Bengal","Andaman Islands","North Andaman"
"Bay of Bengal","Andaman Islands","North Andaman Island"
"Bay of Bengal","Andaman Islands","South Andaman"
"Bay of Bengal","Nicobar Islands","Car Nicobar"
"Bay of Bengal","Nicobar Islands","Great Nicobar"
"Bay of Fundy","Grand Manan Archipelago","Grand Manan"
"Bay of Fundy","Grand Manan Archipelago","Hay"
"Bay of Fundy","Grand Manan Archipelago","Kent"
"Bay of Fundy","Grand Manan Archipelago","Sheep"
"Bay of Fundy","Grand Manan Archipelago","Wood"
"Bay of Isles",,"Knight"
"Bay of Isles","South Georgia Islands","South Georgia"
"Beagle Channel","Archipiélago de Tierra del Fuego","Londonderry"
"Beagle Channel","Tierra del Fuego","Gable"
"Beaufort Sea",,"Cooper"
"Beaufort Sea",,"Herschel Island"
"Beaufort Sea",,"Langley Island"
"Beaufort Sea",,"Richards"
"Beaufort Sea",,"Richards Island"
"Behm Canal",,"Grant"
"Bellingham Bay",,"Eliza"
"Bering Sea",,"Kigigak"
"Bering Sea",,"King"
"Bering Sea",,"Nelson"
"Bering Sea",,"Nunivak"
"Bering Sea",,"Punuk"
"Bering Sea",,"Saint Lawrence"
"Bering Sea",,"Saint Matthew"
"Bering Sea",,"Seal"
"Bering Sea",,"Sledge"
"Bering Sea","Aleutian Islands","Igitkin"
"Bering Sea","Aleutian Islands","Ogliuga"
"Bering Sea","Pribilof Islands","Otter"
"Bering Sea","Pribilof Islands","Saint George"
"Bering Sea","Pribilof Islands","Saint Paul"
"Bering Sea","Pribilof Islands","Walrus"
"Bering Strait","Diomede Islands","Big Diomede"
"Bering Strait","Diomede Islands","Little Diomede"
"Bismarck Sea","Maritime Southeast Asia","Admosin"
"Bismarck Sea","Maritime Southeast Asia","Dampier Island"
"Block Island Sound",,"Block Island"
"Boothbay Harbor",,"Damariscove"
"Boston Harbor",,"Peddocks"
"Buzzards Bay",,"Bird"
"Buzzards Bay",,"Ram"
"Buzzards Bay","Elizabeth Islands","Penikese"
"Caribbean Sea",,"Caye Caulker"
"Caribbean Sea",,"Cozumel"
"Caribbean Sea",,"Cuba"
"Caribbean Sea",,"Cubagua"
"Caribbean Sea",,"La Blanquilla"
"Caribbean Sea",,"La Orchila"
"Caribbean Sea",,"La Tortuga"
"Caribbean Sea",,"Margarita"
"Caribbean Sea",,"Navassa"
"Caribbean Sea",,"Quiribrí"
"Caribbean Sea","ABC Islands","Aruba"
"Caribbean Sea","ABC Islands","Bonaire"
"Caribbean Sea","Archipiélago de los Canarreos","Isla de la Juventud"
"Caribbean Sea","Archipiélago de San Andrés, Providencia y Santa Catalina","Isla de Providencia"
"Caribbean Sea","Archipiélago de San Andrés, Providencia y Santa Catalina","San Andrés"
"Caribbean Sea","Archipiélago Las Aves","Aves de Sotavento"
"Caribbean Sea","Bocas Islands","Monos"
"Caribbean Sea","Cayman Islands","Cayman Brac"
"Caribbean Sea","Cayman Islands","Grand Cayman"
"Caribbean Sea","Culebra Archipelago","Culebra"
"Caribbean Sea","Greater Antilles","Gonâve"
"Caribbean Sea","Greater Antilles","Hispaniola"
"Caribbean Sea","Greater Antilles","Île à Vache"
"Caribbean Sea","Greater Antilles","Île de la Tortue"
"Caribbean Sea","Greater Antilles","Jamaica"
"Caribbean Sea","Greater Antilles","Magueyes"
"Caribbean Sea","Greater Antilles","Mona"
"Caribbean Sea","Greater Antilles","Puerto Rico"
"Caribbean Sea","Greater Antilles","Rat Island"
"Caribbean Sea","Greater Antilles","Saona"
"Caribbean Sea","Greater Antilles","Vieques"
"Caribbean Sea","Grenadines","Bequia"
"Caribbean Sea","Grenadines","Bettowia"
"Caribbean Sea","Grenadines","Union"
"Caribbean Sea","Guadeloupe","Basse-Terre"
"Caribbean Sea","Guadeloupe","Grande-Terre"
"Caribbean Sea","Guadeloupe","La Désirade"
"Caribbean Sea","Guadeloupe","Marie-Galante"
"Caribbean Sea","Islas de la Bahía","Barbareta"
"Caribbean Sea","Islas de la Bahía","Bonaca"
"Caribbean Sea","Islas de la Bahía","Guanaja"
"Caribbean Sea","Islas de la Bahía","Roatán"
"Caribbean Sea","Islas de la Bahía","Útila"
"Caribbean Sea","Islas Santanilla","Great Swan Island"
"Caribbean Sea","Leeward Antilles","Curaçao"
"Caribbean Sea","Leeward Islands","Anguilla"
"Caribbean Sea","Leeward Islands","Antigua"
"Caribbean Sea","Leeward Islands","Aruba"
"Caribbean Sea","Leeward Islands","Barbuda"
"Caribbean Sea","Leeward Islands","Dog"
"Caribbean Sea","Leeward Islands","Green Island"
"Caribbean Sea","Leeward Islands","Montserrat"
"Caribbean Sea","Leeward Islands","Nevis"
"Caribbean Sea","Leeward Islands","Saba"
"Caribbean Sea","Leeward Islands","Saint Barthélemy"
"Caribbean Sea","Leeward Islands","Saint Kitts"
"Caribbean Sea","Leeward Islands","Saint Martin"
"Caribbean Sea","Leeward Islands","Sint Eustatius"
"Caribbean Sea","Leeward Islands","Sint Maarten"
"Caribbean Sea","Lesser Antilles","Barbados"
"Caribbean Sea","Lesser Antilles","Tobago"
"Caribbean Sea","Lesser Antilles","Trinidad"
"Caribbean Sea","The Grenadines","Grenada"
"Caribbean Sea","Turneffe Islands","Calabash Caye"
"Caribbean Sea","Virgin Islands","Anegada"
"Caribbean Sea","Virgin Islands","Beef"
"Caribbean Sea","Virgin Islands","Cooper"
"Caribbean Sea","Virgin Islands","Guana"
"Caribbean Sea","Virgin Islands","Hassell"
"Caribbean Sea","Virgin Islands","Jost Van Dyke"
"Caribbean Sea","Virgin Islands","Little Saint James"
"Caribbean Sea","Virgin Islands","Little Thatch"
"Caribbean Sea","Virgin Islands","Mosquito"
"Caribbean Sea","Virgin Islands","Necker"
"Caribbean Sea","Virgin Islands","Norman"
"Caribbean Sea","Virgin Islands","Peter"
"Caribbean Sea","Virgin Islands","Saint Croix"
"Caribbean Sea","Virgin Islands","Saint John"
"Caribbean Sea","Virgin Islands","Saint Thomas"
"Caribbean Sea","Virgin Islands","Salt"
"Caribbean Sea","Virgin Islands","Tortola"
"Caribbean Sea","Virgin Islands","Virgin Gorda"
"Caribbean Sea","Windward Islands","Dominica"
"Caribbean Sea","Windward Islands","Martinique"
"Caribbean Sea","Windward Islands","Palm Island"
"Caribbean Sea","Windward Islands","Saint Lucia"
"Caribbean Sea","Windward Islands","Saint Vincent"
"Caribbean Sea","Windward Islands","Union"
"Carribbean Sea",,"Cuba"
"Carribean Sea",,"Galeta"
"Casco Bay",,"Bailey"
"Casco Bay",,"Orr's"
"Charleston Harbor",,"Hog"
"Chesapeake Bay",,"Hart Miller"
"Chincoteague Bay",,"Big Bay Marsh"
"Chincoteague Bay",,"Robbins Tump"
"Chokoloskee Bay",,"Chokoloskee"
"Clayoquot Sound",,"Vancouver"
"Clearwater River",,"Fir"
"Columbia River",,"East Sand"
"Columbia River",,"Government"
"Columbia River",,"Puget"
"Columbia River",,"Rice"
"Columbia River",,"Rock Island"
"Columbia River",,"Sauvie"
"Columbia River",,"Sauvie Island"
"Columbia River",,"Washburn"
"Columbia River","Bridgeport Bar Islands","Bridgeport Bar Island #1"
"Columbia River","Bridgeport Bar Islands","Bridgeport Bar Island #10"
"Columbia River","Bridgeport Bar Islands","Bridgeport Bar Island #11"
"Columbia River","Bridgeport Bar Islands","Bridgeport Bar Island #2"
"Columbia River","Bridgeport Bar Islands","Bridgeport Bar Island #9"
"Columbia River","Bridgeport Bar Islands","Bridgeport Island #3"
"Columbia River","Bridgeport Bar Islands","Bridgeport Island #7"
"Conception Bay",,"Baccalieu"
"Crab Bay",,"Evans"
"Dease Strait","Finlayson Islands","Finlayson"
"Disko Bay",,"Greenland"
"Dry Bay",,"Bear"
"Duwamish Waterway",,"Kellogg"
"English Channel","British Isles","Isle of Wight"
"English Channel","Channel Islands","Jersey"
"Firth of Clyde","British Isles","Arran"
"Foxe Basin",,"Rowley"
"Fraser River",,"Lulu"
"Fraser River",,"Nicoman"
"Fraser River",,"Sea"
"Fraser River",,"Westham"
"Friday Harbor","San Juan Islands","Brown"
"Galveston Bay",,"Bird"
"Gambier Bay","Alexander Archipelago","Admiralty"
"Gardiners Bay",,"Gardiners"
"Glacier Bay",,"North Marble"
"Grays Harbor",,"Mini-Moon"
"Grays Harbor",,"Moon"
"Grays Harbor",,"Rennie"
"Grays Harbor",,"Sand"
"Great Salt Lake",,"Gunnison"
"Great South Bay",,"Gilgo"
"Guantánamo Bay",,"Cuba"
"Gulf of Alaska",,"Chisik"
"Gulf of Alaska",,"Hawkins"
"Gulf of Alaska",,"Hinchinbrook"
"Gulf of Alaska",,"Martin"
"Gulf of Alaska",,"Matushka"
"Gulf of Alaska",,"Middleton"
"Gulf of Alaska",,"Montague"
"Gulf of Alaska",,"Natoa"
"Gulf of Alaska",,"Nuka"
"Gulf of Alaska","Kodiak Archipelago","Afognak"
"Gulf of Alaska","Kodiak Archipelago","Afognak or Shuyak"
"Gulf of Alaska","Kodiak Archipelago","Big Fort"
"Gulf of Alaska","Kodiak Archipelago","Chiniak"
"Gulf of Alaska","Kodiak Archipelago","Kodiak"
"Gulf of Alaska","Kodiak Archipelago","Long Island"
"Gulf of Alaska","Kodiak Archipelago","Marmot"
"Gulf of Alaska","Kodiak Archipelago","Raspberry"
"Gulf of Alaska","Kodiak Archipelago","Shuyak"
"Gulf of Alaska","Kodiak Archipelago","Sitkalidak"
"Gulf of Alaska","Kodiak Archipelago","Spruce"
"Gulf of Alaska","Pye Islands","Ragged"
"Gulf of Alaska","Semidi Islands","Chowiet"
"Gulf of Alaska","Trinity Islands","Sitkinak"
"Gulf of Alaska","Trinity Islands","Tugidak"
"Gulf of Chiriquí","Islas Contreras","Brincancon"
"Gulf of Guinea",,"Bioko"
"Gulf of Guinea","Príncipe","Príncipe"
"Gulf of Guinea","São Tomé","São Tomé"
"Gulf of Maine",,"Green"
"Gulf of Maine",,"Petit Manan"
"Gulf of Mexico",,"Chandeleur"
"Gulf of Mexico",,"Estero"
"Gulf of Mexico",,"Galveston"
"Gulf of Mexico",,"Matagorda Island"
"Gulf of Mexico",,"Mustang Island"
"Gulf of Mexico",,"Padre"
"Gulf of Mexico",,"Palmetto"
"Gulf of Mexico",,"Pine"
"Gulf of Mexico",,"Saint George"
"Gulf of Mexico",,"Sanibel"
"Gulf of Mexico",,"Santa Rosa"
"Gulf of Mexico",,"South Padre"
"Gulf of Mexico","Cedar Keys","Way Key"
"Gulf of Mexico","Dry Tortugas","Bush Key"
"Gulf of Mexico","Dry Tortugas","Garden Key"
"Gulf of Mexico","Florida Keys","Big Pine Key"
"Gulf of Mexico","Florida Keys","Cudjoe Key"
"Gulf of Mexico","Florida Keys","Key Largo"
"Gulf of Mexico","Florida Keys","Plantation Key"
"Gulf of Panama","Las Perlas","Isla del Rey"
"Gulf of Paria","Five Islands","Nelson"
"Gulf of Saint Lawrence",,"Perroquets"
"Gulf of Saint Lawrence",,"Prince Edward Island"
"Gulf of Saint Lawrence","Bonaventure","Bonaventure"
"Gulf of Saint Lawrence","Îles de la Madeleine","Rochers-aux-Oiseaux"
"Gulf of Saint Lawrence","Isle-aux-Grues","Grosse Île"
"Gulf of Saint Lawrence","Les Îles-de-la-Madeleine","Cap-aux-Meules"
"Gulf of Thailand",,"Ko Khram Yai"
"Hecate Strait",,"Porcher"
"Hecate Strait","Gibson Group","Gibson"
"Herring Bay",,"Knight"
"Herring Bay","Alexander Archipelago","Admiralty"
"Hidden Bay",,"Culross"
"Hingham Bay",,"Spinnaker"
"Horseshoe Bay","Bermuda","Main Island"
"Howe Sound",,"Bowen"
"Hudson Bay",,"Dunne Foxe"
"Hudson Bay",,"Savage"
"Hudson Bay",,"Southampton"
"Hudson Bay","Belcher Islands","Belcher"
"Hudson Bay","Belcher Islands","Wiegand"
"Hudson River",,"Green"
"Hudson River",,"Van Schaick"
"Hudson Strait","Button Islands","Lacy"
"Indian Ocean",,"Christmas"
"Indian Ocean",,"Eclipse Island"
"Indian Ocean",,"Île Saint-Paul"
"Indian Ocean",,"Lancelin Island"
"Indian Ocean",,"Madagascar"
"Indian Ocean",,"Marion"
"Indian Ocean",,"Mombasa Island"
"Indian Ocean",,"Nosy Be"
"Indian Ocean",,"Nouvelle Amsterdam"
"Indian Ocean",,"Sri Lanka"
"Indian Ocean","Aldabra Group","Aldabra"
"Indian Ocean","Amirante Islands","Île Desnoeufs"
"Indian Ocean","Comoros Islands","Anjouan"
"Indian Ocean","Comoros Islands","Grande Comore"
"Indian Ocean","Comoros Islands","Mayotte"
"Indian Ocean","Comoros Islands","Moheli"
"Indian Ocean","Comoros Islands","Mohéli"
"Indian Ocean","Houtman Abrolhos","Pelsart Island"
"Indian Ocean","Mascarene Islands","Mauritius"
"Indian Ocean","Mascarene Islands","Réunion"
"Indian Ocean","Mascarene Islands","Rodrigues"
"Indian Ocean","Nias Islands","Nias"
"Indian Ocean","Seychelles","Aride Island"
"Indian Ocean","Seychelles","Mahé"
"Indian Ocean","Seychelles","Praslin"
"Indian Ocean","Socotra Archipelago","Abdal Kuri"
"Indian Ocean","Socotra Archipelago","Socotra"
"Indian Ocean","Sunda Islands","Sumatra"
"Indian Ocean","Zanzibar Archipelago","Mafia"
"Indian Ocean","Zanzibar Archipelago","Pemba"
"Indian Ocean","Zanzibar Archipelago","Zanzibar"
"Irish Sea","British Isles","Anglesey"
"Irish Sea","British Isles","Isle of Man"
"Isle au Haut Bay",,"Brimstone"
"Java Sea","Lesser Sunda Islands","Bali"
"Kachemak Bay",,"Gull"
"Korea Strait",,"Geoje"
"Korea Strait",,"Jeju"
"Korean Strait",,"Jeju"
"Labrador Sea","Gannet Islands","Gannet"
"Lago Gatún",,"Barro Colorado"
"Lake Erie","Sister Islands","Middle Sister"
"Lake Huron",,"Drummond"
"Lake Huron",,"Great Duck Island"
"Lake Huron",,"Manitoulin"
"Lake Huron",,"Manitoulin Island"
"Lake Huron",,"Scarecrow"
"Lake Michigan",,"Garden"
"Lake Michigan",,"Grape"
"Lake Michigan",,"Gravelly"
"Lake Michigan",,"Gull"
"Lake Michigan",,"High"
"Lake Michigan",,"Hog"
"Lake Michigan",,"South Fox Island"
"Lake Ontario",,"Little Galloo"
"Lake Simcoe",,"Thorah"
"Lake Superior",,"Isle Royale"
"Lake Washington",,"Mercer"
"Leech Lake",,"Gull"
"Leech Lake",,"Pelican"
"Little Playgreen Lake",,"Bull Island"
"Liverpool Bay",,"Nicholson"
"Long Island Sound",,"Cartwright"
"Long Island sound",,"Charles"
"Long Island Sound",,"Falkner"
"Long Island sound",,"Great Gull"
"Malheur Lake",,"Malheur"
"Mar de Cortés",,"Angel de la Guarda"
"Mar de Cortés",,"Carmen"
"Mar de Cortés",,"Danzante"
"Mar de Cortés",,"Encantada"
"Mar de Cortés",,"Espiritu Santo"
"Mar de Cortés",,"Jacques Cousteau"
"Mar de Cortés",,"Mejia"
"Mar de Cortés",,"Monserrate"
"Mar de Cortés",,"Partida"
"Mar de Cortés",,"Raza"
"Mar de Cortés",,"Salsipuedes"
"Mar de Cortés",,"San Diego"
"Mar de Cortés",,"San Esteban"
"Mar de Cortés",,"San Francisco"
"Mar de Cortés",,"San Ildefonso"
"Mar de Cortés",,"San Jorge"
"Mar de Cortés",,"San José"
"Mar de Cortés",,"San Lorenzo"
"Mar de Cortés",,"San Lorenzo Sur"
"Mar de Cortés",,"San Luis"
"Mar de Cortés",,"San Marcos"
"Mar de Cortés",,"San Pedro Martir"
"Mar de Cortés",,"San Pedro Nolasco"
"Mar de Cortés",,"Santa Catalina"
"Mar de Cortés",,"Santa Cruz"
"Mar de Cortés",,"Tortuga"
"Mar de Cortés","Islas Grandes","San Esteban"
"Mar de Cortés","Islas Grandes","Tiburón"
"Mar de Cortés","Islas Grandes","Turners"
"Maritime Southeast Asia","Bismarck Archipelago","Emirau"
"Maritime Southeast Asia","Bismarck Archipelago","New Britain"
"Maritime Southeast Asia","Bismarck Archipelago","New Ireland"
"Maritime Southeast Asia","Maritime Southeast Asia","Romah"
"Maritime Southeast Asia","Raja Ampat Islands","Salawati"
"Maritime Southeast Asia","Schouten Islands","Japen"
"Mayor Channel","Southern Gulf Islands","Great Chain"
"Mediterranean Sea",,"Corsica"
"Mediterranean Sea",,"Cyprus"
"Mediterranean Sea",,"Sardinia"
"Mediterranean Sea",,"Sicily"
"Mediterranean Sea","Islas Baleares","Mallorca"
"Mediterranean Sea","Islas Baleares","Menorca"
"Mediterranean Sea","Malta","Gozo"
"Mediterranean Sea","Malta","Malta"
"Mediterranean Sea","Tyrrhenian Sea","Capri"
"Milne Bay","Louisiade Archipelago","Misima"
"Milne Bay","Maritime Southeast Asia","New Guinea"
"Molucca Sea","Maluku Islands","Batjan"
"Molucca Sea","Maluku Islands","Seram"
"Mona Passage","Greater Antilles","Mona"
"Moses Lake",,"Pelican Horn"
"Muscongus Bay",,"Hog Island"
"Nantucket Sound",,"Monomoy"
"Nares Strait","Queen Elizabeth Islands","Pim"
"Nelson River",,"Delta"
"New York Bay",,"Staten Island"
"Niagara River",,"Grand"
"North Atlantic Ocean",,"Anastasia"
"North Atlantic Ocean",,"Appledore Island"
"North Atlantic Ocean",,"Assateague"
"North Atlantic Ocean",,"Block"
"North Atlantic Ocean",,"Cape Breton"
"North Atlantic Ocean",,"Cape Sable Island"
"North Atlantic Ocean",,"Cedar"
"North Atlantic Ocean",,"Cedros"
"North Atlantic Ocean",,"Chapel"
"North Atlantic Ocean",,"Chincoteague Island"
"North Atlantic Ocean",,"Cobb"
"North Atlantic Ocean",,"Deer Isle"
"North Atlantic Ocean",,"Fenwick"
"North Atlantic Ocean",,"Fire Island"
"North Atlantic Ocean",,"Fishermans"
"North Atlantic Ocean",,"Funk"
"North Atlantic Ocean",,"Gannet"
"North Atlantic Ocean",,"Great Gull"
"North Atlantic Ocean",,"Great Gull Island"
"North Atlantic Ocean",,"Great Island"
"North Atlantic Ocean",,"Hare"
"North Atlantic Ocean",,"Hartman"
"North Atlantic Ocean",,"Herring"
"North Atlantic Ocean",,"Hog"
"North Atlantic Ocean",,"Hunting"
"North Atlantic Ocean",,"Isle of Palms"
"North Atlantic Ocean",,"Jock"
"North Atlantic Ocean",,"Little Black Island"
"North Atlantic Ocean",,"Little Bulls"
"North Atlantic Ocean",,"Long Beach Barrier Island"
"North Atlantic Ocean",,"Martha's Vineyard"
"North Atlantic Ocean",,"Merritt"
"North Atlantic Ocean",,"Monomoy"
"North Atlantic Ocean",,"Mount Desert Island"
"North Atlantic Ocean",,"Mount Desert Rock"
"North Atlantic Ocean",,"Muskeget"
"North Atlantic Ocean",,"Muskeget Island"
"North Atlantic Ocean",,"Nantucket"
"North Atlantic Ocean",,"Newfoundland"
"North Atlantic Ocean",,"Nomans Land"
"North Atlantic Ocean",,"Pea Island"
"North Atlantic Ocean",,"Penguin"
"North Atlantic Ocean",,"Plum"
"North Atlantic Ocean",,"Puffin"
"North Atlantic Ocean",,"Ragged"
"North Atlantic Ocean",,"Red"
"North Atlantic Ocean",,"Rouge"
"North Atlantic Ocean",,"Seal"
"North Atlantic Ocean",,"Seguin"
"North Atlantic Ocean",,"South Cabot"
"North Atlantic Ocean",,"Spotted"
"North Atlantic Ocean",,"Staten"
"North Atlantic Ocean",,"Sullivans"
"North Atlantic Ocean",,"Swans Island"
"North Atlantic Ocean",,"Tuckernuck"
"North Atlantic Ocean",,"White Island"
"North Atlantic Ocean",,"Wooden Ball"
"North Atlantic Ocean","Abaco Cays","Abaco"
"North Atlantic Ocean","Ambergris Cays","Big Ambergris Cay"
"North Atlantic Ocean","Azores","Corvo"
"North Atlantic Ocean","Azores","Faial"
"North Atlantic Ocean","Azores","Flores"
"North Atlantic Ocean","Azores","Graciosa"
"North Atlantic Ocean","Azores","Pico"
"North Atlantic Ocean","Azores","Santa Maria"
"North Atlantic Ocean","Azores","São Jorge"
"North Atlantic Ocean","Azores","São Miguel"
"North Atlantic Ocean","Azores","Terceira"
"North Atlantic Ocean","Bahamas","Abaco"
"North Atlantic Ocean","Bahamas","Acklins"
"North Atlantic Ocean","Bahamas","Andros"
"North Atlantic Ocean","Bahamas","Atwood Cay"
"North Atlantic Ocean","Bahamas","Bimini"
"North Atlantic Ocean","Bahamas","Cat Island"
"North Atlantic Ocean","Bahamas","Crooked Island"
"North Atlantic Ocean","Bahamas","Elbow Cay"
"North Atlantic Ocean","Bahamas","Eleuthera"
"North Atlantic Ocean","Bahamas","Fanny Cay"
"North Atlantic Ocean","Bahamas","Grand Bahama"
"North Atlantic Ocean","Bahamas","Great Exuma"
"North Atlantic Ocean","Bahamas","Great Inagua"
"North Atlantic Ocean","Bahamas","Great Ragged Island"
"North Atlantic Ocean","Bahamas","Highbourne Key"
"North Atlantic Ocean","Bahamas","Inagua"
"North Atlantic Ocean","Bahamas","Little Inagua"
"North Atlantic Ocean","Bahamas","Little San Salvador"
"North Atlantic Ocean","Bahamas","Long Island"
"North Atlantic Ocean","Bahamas","Mangrove Cay"
"North Atlantic Ocean","Bahamas","New Providence"
"North Atlantic Ocean","Bahamas","North Andros"
"North Atlantic Ocean","Bahamas","Ragged Island"
"North Atlantic Ocean","Bahamas","Rum Cay"
"North Atlantic Ocean","Bahamas","Samana Cay"
"North Atlantic Ocean","Bahamas","San Salvador"
"North Atlantic Ocean","Bahamas","Seal Cay"
"North Atlantic Ocean","Bahamas","Verd Cay"
"North Atlantic Ocean","Bahamas","Washerwoman Key"
"North Atlantic Ocean","Barlavento Islands","Boa Vista"
"North Atlantic Ocean","Barlavento Islands","Raso"
"North Atlantic Ocean","Barlavento Islands","Sal"
"North Atlantic Ocean","Barlavento Islands","Santo Antão"
"North Atlantic Ocean","Barlavento Islands","São Nicolau"
"North Atlantic Ocean","Barlavento Islands","São Vicente"
"North Atlantic Ocean","Barrier Islands","Lea-Hutaff"
"North Atlantic Ocean","Barrier Islands","Little Sapelo"
"North Atlantic Ocean","Barrier Islands","North Topsail"
"North Atlantic Ocean","Barrier Islands","Sapelo"
"North Atlantic Ocean","Barrier Islands","Topsail"
"North Atlantic Ocean","Barrier Islands","Tybee"
"North Atlantic Ocean","Barrier Islands","Wolf"
"North Atlantic Ocean","Bermuda","Cooper's Island"
"North Atlantic Ocean","Bermuda","Ireland Island"
"North Atlantic Ocean","Bermuda","Main Island"
"North Atlantic Ocean","Bermuda","Nonsuch"
"North Atlantic Ocean","Bermuda","Saint David's"
"North Atlantic Ocean","Bermuda","Somerset"
"North Atlantic Ocean","Caicos Islands","Long Cay"
"North Atlantic Ocean","Caicos Islands","Middle Caicos"
"North Atlantic Ocean","Caicos Islands","South Caicos"
"North Atlantic Ocean","Core Banks","Portsmouth"
"North Atlantic Ocean","Deserta Islands","Deserta Grande Island"
"North Atlantic Ocean","Ilhas Selvagens","Selvagem Grande"
"North Atlantic Ocean","Inner Hebrides","Isle of Skye"
"North Atlantic Ocean","Inner Hebrides","Soa"
"North Atlantic Ocean","Islas Canarias","El Hierro"
"North Atlantic Ocean","Islas Canarias","Fuerteventura"
"North Atlantic Ocean","Islas Canarias","Gomera"
"North Atlantic Ocean","Islas Canarias","Gran Canaria"
"North Atlantic Ocean","Islas Canarias","Lanzarote"
"North Atlantic Ocean","Islas Canarias","Tenerife"
"North Atlantic Ocean","Isles of Shoals","Appledore Island"
"North Atlantic Ocean","Lucayan Archipelago","Provodenciales"
"North Atlantic Ocean","Madeiras","Porto Santo"
"North Atlantic Ocean","Midway Atoll","Eastern Island"
"North Atlantic Ocean","Midway Atoll","Sand"
"North Atlantic Ocean","Outer Banks","Bodie"
"North Atlantic Ocean","Outer Banks","Ocracoke"
"North Atlantic Ocean","Outer Banks","Pea"
"North Atlantic Ocean","Outer Hebrides","Saint Kilda"
"North Atlantic Ocean","Sea Islands","Amelia"
"North Atlantic Ocean","Sea Islands","Cat"
"North Atlantic Ocean","Sea Islands","Cumberland"
"North Atlantic Ocean","Sea Islands","Saint Catherines"
"North Atlantic Ocean","Sea Islands","Saint Helena"
"North Atlantic Ocean","Sotavento Islands","Brava"
"North Atlantic Ocean","Sotavento Islands","Fogo"
"North Atlantic Ocean","Sotavento Islands","Santiago"
"North Atlantic Ocean","Turks Islands","Grand Turk"
"North Bay",,"Goose"
"North Pacific Ocean",,"Alexander"
"North Pacific Ocean",,"Asunción"
"North Pacific Ocean",,"Bear"
"North Pacific Ocean",,"Bodelteh"
"North Pacific Ocean",,"Carrol"
"North Pacific Ocean",,"Castle"
"North Pacific Ocean",,"Cerralvo"
"North Pacific Ocean",,"Clipperton"
"North Pacific Ocean",,"Coronado"
"North Pacific Ocean",,"Cortes Bank"
"North Pacific Ocean",,"Destruction"
"North Pacific Ocean",,"Forrester"
"North Pacific Ocean",,"Fox"
"North Pacific Ocean",,"Gorgona"
"North Pacific Ocean",,"Guadalupe"
"North Pacific Ocean",,"Guadelupe"
"North Pacific Ocean",,"Hope"
"North Pacific Ocean",,"Isabel"
"North Pacific Ocean",,"Isabela"
"North Pacific Ocean",,"Isla del Coco"
"North Pacific Ocean",,"James"
"North Pacific Ocean",,"Kains"
"North Pacific Ocean",,"Magdalena"
"North Pacific Ocean",,"Malpelo"
"North Pacific Ocean",,"Midun"
"North Pacific Ocean",,"Natividad"
"North Pacific Ocean",,"Ozette"
"North Pacific Ocean",,"Sakhalin"
"North Pacific Ocean",,"San Geronimo"
"North Pacific Ocean",,"San Martín"
"North Pacific Ocean",,"San Roque"
"North Pacific Ocean",,"Santa Margarita"
"North Pacific Ocean",,"Taiwan"
"North Pacific Ocean",,"Tatoosh"
"North Pacific Ocean",,"Triangle"
"North Pacific Ocean",,"Ugaiushak"
"North Pacific Ocean",,"Vancouver"
"North Pacific Ocean",,"Vargas"
"North Pacific Ocean",,"Wake"
"North Pacific Ocean",,"Wickaninnish"
"North Pacific Ocean","Ailinglaplap Atoll","Bock"
"North Pacific Ocean","Aleutian Islands","Amak"
"North Pacific Ocean","Aleutian Islands","Amlia"
"North Pacific Ocean","Aleutian Islands","Buldir"
"North Pacific Ocean","Aleutian Islands","Deer"
"North Pacific Ocean","Aleutian Islands","Poperechnoi"
"North Pacific Ocean","Aleutian Islands","Unimak"
"North Pacific Ocean","Alexander Archipelago","Admiralty"
"North Pacific Ocean","Alexander Archipelago","Baranof"
"North Pacific Ocean","Alexander Archipelago","Canyon"
"North Pacific Ocean","Alexander Archipelago","Chichagof"
"North Pacific Ocean","Alexander Archipelago","Coronation"
"North Pacific Ocean","Alexander Archipelago","Dall"
"North Pacific Ocean","Alexander Archipelago","Douglas"
"North Pacific Ocean","Alexander Archipelago","Etolin"
"North Pacific Ocean","Alexander Archipelago","Inian"
"North Pacific Ocean","Alexander Archipelago","Kosciusko"
"North Pacific Ocean","Alexander Archipelago","Kruzof"
"North Pacific Ocean","Alexander Archipelago","Kuiu"
"North Pacific Ocean","Alexander Archipelago","Kupreanof"
"North Pacific Ocean","Alexander Archipelago","Mitkof"
"North Pacific Ocean","Alexander Archipelago","Naked Island"
"North Pacific Ocean","Alexander Archipelago","Prince of Wales"
"North Pacific Ocean","Alexander Archipelago","Revillagigedo"
"North Pacific Ocean","Alexander Archipelago","Saint Lazaria"
"North Pacific Ocean","Alexander Archipelago","Wrangell"
"North Pacific Ocean","Alexander Archipelago","Yakobi"
"North Pacific Ocean","Andreanof Islands","Adak"
"North Pacific Ocean","Andreanof Islands","Atka"
"North Pacific Ocean","Barren Islands","East Amatuli"
"North Pacific Ocean","Barren Islands","West Amatuli"
"North Pacific Ocean","Bolkus Islands","Main Bolkus Island"
"North Pacific Ocean","Caroline Islands","Angaur"
"North Pacific Ocean","Caroline Islands","Auluptagel"
"North Pacific Ocean","Caroline Islands","Chuuk Atoll"
"North Pacific Ocean","Caroline Islands","Koror"
"North Pacific Ocean","Caroline Islands","Kosrae"
"North Pacific Ocean","Caroline Islands","Sanryo"
"North Pacific Ocean","Channel Islands","Anacapa"
"North Pacific Ocean","Channel Islands","San Clemente"
"North Pacific Ocean","Channel Islands","San Miguel"
"North Pacific Ocean","Channel Islands","San Nicolas"
"North Pacific Ocean","Channel Islands","Santa Barbara"
"North Pacific Ocean","Channel Islands","Santa Catalina"
"North Pacific Ocean","Channel Islands","Santa Cruz"
"North Pacific Ocean","Channel Islands","Santa Rosa"
"North Pacific Ocean","Commander Islands","Bering"
"North Pacific Ocean","Commander Islands","Bering Island"
"North Pacific Ocean","Enewetak Atoll","Jinimi"
"North Pacific Ocean","Enewetak Atoll","Parry"
"North Pacific Ocean","Farallon Islands","Southeast Farallon"
"North Pacific Ocean","Fox Islands","Akatun"
"North Pacific Ocean","Fox Islands","Akun"
"North Pacific Ocean","Fox Islands","Bogoslof"
"North Pacific Ocean","Fox Islands","Egg & Sedanka Islands"
"North Pacific Ocean","Fox Islands","Sanak"
"North Pacific Ocean","Fox Islands","Umnak"
"North Pacific Ocean","Fox Islands","Unalaska"
"North Pacific Ocean","French Frigate Shoals","East Island"
"North Pacific Ocean","French Frigate Shoals","Little Gin"
"North Pacific Ocean","French Frigate Shoals","Tern"
"North Pacific Ocean","French Frigate Shoals","Tern Island"
"North Pacific Ocean","Haida Gwaii","Charlotte"
"North Pacific Ocean","Haida Gwaii","Chatham"
"North Pacific Ocean","Haida Gwaii","Cox"
"North Pacific Ocean","Haida Gwaii","East Copper"
"North Pacific Ocean","Haida Gwaii","Frederick"
"North Pacific Ocean","Haida Gwaii","George"
"North Pacific Ocean","Haida Gwaii","Graham"
"North Pacific Ocean","Haida Gwaii","Green"
"North Pacific Ocean","Haida Gwaii","Gribbell"
"North Pacific Ocean","Haida Gwaii","Harrison"
"North Pacific Ocean","Haida Gwaii","Hibben"
"North Pacific Ocean","Haida Gwaii","Hippa"
"North Pacific Ocean","Haida Gwaii","Hotspring"
"North Pacific Ocean","Haida Gwaii","Kunga"
"North Pacific Ocean","Haida Gwaii","Kunghit"
"North Pacific Ocean","Haida Gwaii","Langara"
"North Pacific Ocean","Haida Gwaii","Legace"
"North Pacific Ocean","Haida Gwaii","Lina"
"North Pacific Ocean","Haida Gwaii","Louise"
"North Pacific Ocean","Haida Gwaii","Lyell"
"North Pacific Ocean","Haida Gwaii","Mackenzie"
"North Pacific Ocean","Haida Gwaii","Moresby"
"North Pacific Ocean","Haida Gwaii","Morseby"
"North Pacific Ocean","Haida Gwaii","Ogilvie"
"North Pacific Ocean","Haida Gwaii","Ramsay"
"North Pacific Ocean","Haida Gwaii","Rankine"
"North Pacific Ocean","Haida Gwaii","Reef"
"North Pacific Ocean","Haida Gwaii","Talunkwan"
"North Pacific Ocean","Haida Gwaii","Tanu"
"North Pacific Ocean","Haida Gwaii","Wathus"
"North Pacific Ocean","Hall Islands","Nomwin Atoll"
"North Pacific Ocean","Hawaiian Islands","East Island"
"North Pacific Ocean","Hawaiian Islands","Hawaii"
"North Pacific Ocean","Hawaiian Islands","Kauai"
"North Pacific Ocean","Hawaiian Islands","Ka'ula Rock"
"North Pacific Ocean","Hawaiian Islands","Lanai"
"North Pacific Ocean","Hawaiian Islands","Mānana"
"North Pacific Ocean","Hawaiian Islands","Maui"
"North Pacific Ocean","Hawaiian Islands","Molokai"
"North Pacific Ocean","Hawaiian Islands","Na Mokulua"
"North Pacific Ocean","Hawaiian Islands","Oahu"
"North Pacific Ocean","Hawaiian Islands","Sand"
"North Pacific Ocean","Islands of Four Mountains","Chagulak"
"North Pacific Ocean","Islands of Four Mountains","Chuginadak"
"North Pacific Ocean","Islands of Four Mountains","Kagamil"
"North Pacific Ocean","Islands of Four Mountains","Yunaska"
"North Pacific Ocean","Islas Magdalenas","Grosse"
"North Pacific Ocean","Islas Marías","Maria Cleofas"
"North Pacific Ocean","Islas Marías","María Cleofas"
"North Pacific Ocean","Islas Marías","María Madre"
"North Pacific Ocean","Islas Marías","María Magdalena"
"North Pacific Ocean","Islas Marías","San Juanito"
"North Pacific Ocean","Islas Revillagigedo","Clarión"
"North Pacific Ocean","Islas Revillagigedo","Roca Partida"
"North Pacific Ocean","Islas Revillagigedo","San Benedicto"
"North Pacific Ocean","Islas Revillagigedo","Socorro"
"North Pacific Ocean","Islas San Benito","Benito del Centro"
"North Pacific Ocean","Johnston Atoll","East Island"
"North Pacific Ocean","Johnston Atoll","Johnston"
"North Pacific Ocean","Johnston Atoll","North Island"
"North Pacific Ocean","Johnston Atoll","Sand"
"North Pacific Ocean","Kodiak Archipelago","Whale"
"North Pacific Ocean","Krenitzin Islands","Aiktak"
"North Pacific Ocean","Krenitzin Islands","Avatanak"
"North Pacific Ocean","Kure Atoll","Green Island"
"North Pacific Ocean","Line Islands","Caroline"
"North Pacific Ocean","Line Islands","Christmas Island"
"North Pacific Ocean","Line Islands","Fanning Island"
"North Pacific Ocean","Line Islands","Palmyra"
"North Pacific Ocean","Line Islands","Teraina"
"North Pacific Ocean","Marianas","Guam"
"North Pacific Ocean","Marianas","Saipan"
"North Pacific Ocean","Marianas","Tinian"
"North Pacific Ocean","Marianas","Verrados"
"North Pacific Ocean","Marshall Islands","Kio"
"North Pacific Ocean","Midway Atoll","Eastern Island"
"North Pacific Ocean","Midway Atoll","Midway"
"North Pacific Ocean","Midway Atoll","Sand"
"North Pacific Ocean","Near Islands","Agattu"
"North Pacific Ocean","Near Islands","Attu"
"North Pacific Ocean","Northern Nomoneas Islands","Chuuk Atoll"
"North Pacific Ocean","Northwestern Hawaiian Islands","Laysan"
"North Pacific Ocean","Northwestern Hawaiian Islands","Lisianski"
"North Pacific Ocean","Northwestern Hawaiian Islands","Necker"
"North Pacific Ocean","Northwestern Hawaiian Islands","Nihoa"
"North Pacific Ocean","Phoenix Islands","Baker"
"North Pacific Ocean","Phoenix Islands","Howland"
"North Pacific Ocean","Ralik Chain","Enewetak Atoll"
"North Pacific Ocean","Rat Islands","Amchitka"
"North Pacific Ocean","Rat Islands","Kiska"
"North Pacific Ocean","Rat Islands","Little Kiska"
"North Pacific Ocean","Rat Islands","Segula"
"North Pacific Ocean","Scott Islands","Lanz"
"North Pacific Ocean","Senyavin Islands","Pohnpei"
"North Pacific Ocean","Shumagin Islands","Big Koninski"
"North Pacific Ocean","Shumagin Islands","Big Koniuji"
"North Pacific Ocean","Shumagin Islands","Nagai"
"North Pacific Ocean","Shumagin Islands","Popof"
"North Pacific Ocean","Shumagin Islands","Unga"
"North Pacific Ocean","South Farallon Islands","South Farallon"
"North Pacific Ocean","Southern Nomoneas Islands","Chuuk Atoll"
"North Sea","British Isles","Fair Isle"
"North Sea","Farne Islands","Farne Island"
"North Sea","Frisian Islands","Texel"
"North Sea","Frisian Islands","Vlieland"
"North Sea","Orkney Islands","Erie"
"North Sea","Orkney Islands","Hoy"
"North Sea","Orkney Islands","Mainland"
"North Sea","Shetland Islands","Fair Isle"
"North Sea","Shetland Islands","Mainland"
"North Sea","Shetland Islands","Yell"
"North Sea","West Frisian Islands","Schiermonnikoog"
"North Sea","West Frisian Islands","Texel"
"Northwest Passages",,"Jenny Lind"
"Norwegian Sea","Faroe Islands","Suðuroy"
"Nuka Bay",,"Nuka"
"Pacific Ocean",,"Isla de la Plata"
"Pacific Ocean","Archipiélago de Galápagos","Baltra"
"Pacific Ocean","Archipiélago de Galápagos","Bartolomé"
"Pacific Ocean","Archipiélago de Galápagos","Corona del Diablo"
"Pacific Ocean","Archipiélago de Galápagos","Daphne Mayor"
"Pacific Ocean","Archipiélago de Galápagos","Darwin"
"Pacific Ocean","Archipiélago de Galápagos","Española"
"Pacific Ocean","Archipiélago de Galápagos","Fernandina"
"Pacific Ocean","Archipiélago de Galápagos","Floreana"
"Pacific Ocean","Archipiélago de Galápagos","Genovesa"
"Pacific Ocean","Archipiélago de Galápagos","Guy Fawkes"
"Pacific Ocean","Archipiélago de Galápagos","Isabela"
"Pacific Ocean","Archipiélago de Galápagos","Marchena"
"Pacific Ocean","Archipiélago de Galápagos","Pinta"
"Pacific Ocean","Archipiélago de Galápagos","Pinzón"
"Pacific Ocean","Archipiélago de Galápagos","Plaza Norte"
"Pacific Ocean","Archipiélago de Galápagos","Plaza Sur"
"Pacific Ocean","Archipiélago de Galápagos","Rábida"
"Pacific Ocean","Archipiélago de Galápagos","San Cristóbal"
"Pacific Ocean","Archipiélago de Galápagos","Santa Cruz"
"Pacific Ocean","Archipiélago de Galápagos","Santa Fe"
"Pacific Ocean","Archipiélago de Galápagos","Santa Fé"
"Pacific Ocean","Archipiélago de Galápagos","Santiago"
"Pacific Ocean","Archipiélago de Galápagos","Seymour Norte"
"Pacific Ocean","Archipiélago de Galápagos","Wolf"
"Pacific Ocean","Japanese Archipelago","Honshu"
"Pacific Ocean","Japanese Archipelago","Shikoku"
"Payer's Harbor","Canadian Arctic Archipelago","Brevoort"
"Penobscot Bay",,"Isle au Haut"
"Portage Bay","Shumagin Islands","Popof"
"Possession Bay","South Georgia Islands","South Georgia"
"Possession Sound",,"Camano"
"Potomac River",,"Plummer's Island"
"Prince William Sound",,"Applegate"
"Prince William Sound",,"Crafton"
"Prince William Sound",,"Eleanor"
"Prince William Sound",,"Esther"
"Prince William Sound",,"Ingot"
"Prince William Sound",,"Knight"
"Prince William Sound",,"Knight (Snag Island)"
"Prince William Sound",,"Little Smith"
"Prince William Sound",,"Perry"
"Prince William Sound",,"Seal"
"Puget Sound",,"Anderson"
"Puget Sound",,"Bainbridge"
"Puget Sound",,"Fox Island"
"Puget Sound",,"Harbor"
"Puget Sound",,"Indian"
"Puget Sound",,"Marrowstone"
"Puget Sound",,"Maury"
"Puget Sound",,"Vashon"
"Puget Sound",,"Whidbey"
"Puget Sound","San Juan Islands","Lummi"
"Queen Charlotte Sound",,"Hunter"
"Queen Charlotte Sound",,"Spider"
"Queen Charlotte Sound",,"Table"
"Queen Charlotte Sound","Bardswell Group","Dufferin"
"Queen Charlotte Sound","Bardswell Group","Wurtele"
"Red Sea",,"Gezira Tawila"
"Riddell's Bay","Bermuda","Main Island"
"Río Ebro",,"Isla de Buda"
"Río Grande","Archipiélago de Chiloé","Isla Grande de Chiloé"
"Río Hanabana",,"Cuba"
"Río Huelde","Archipiélago de Chiloé","Isla Grande de Chiloé"
"Río Magdalena",,"Isla de Salamanca"
"Ross Sea","Ross Archipelago","Beaufort"
"Ross Sea","Ross Archipelago","Ross"
"Sabine Lake",,"Pleasure"
"Saco Bay",,"Stratton"
"Saco Bay",,"Stratton Island"
"Saginaw Bay",,"Charity"
"Saint Lawrence River",,"Belle Island"
"Saint Lawrence River",,"Douglas Island"
"Saint Lawrence River",,"Florence Island"
"Saint Lawrence River",,"Harbor Island"
"Saint Lawrence River",,"Ironsides Island"
"Saint Lawrence River",,"Iroquois Island"
"Saint Lawrence River",,"Kipp Island"
"Saint Lawrence River",,"Welcome Island"
"Saint Lawrence River",,"Wellesley Island"
"Saint Lawrence River",,"Whiskey Island"
"Saint Lawrence River","Hochelaga Archipelago","Île de Montréal"
"Salish Sea",,"Buck"
"Salish Sea",,"Camano"
"Salish Sea",,"Cypress"
"Salish Sea",,"Fir"
"Salish Sea",,"Guemes"
"Salish Sea",,"Harstene"
"Salish Sea",,"Hope"
"Salish Sea",,"Mercer"
"Salish Sea",,"Protection"
"Salish Sea",,"Reef"
"Salish Sea",,"Samish"
"Salish Sea",,"San Juan Island"
"Salish Sea",,"Sinclair"
"Salish Sea",,"Smith"
"Salish Sea",,"Viti Rocks"
"Salish Sea",,"Whidbey"
"Salish Sea","San Juan Islands","Bare"
"Salish Sea","San Juan Islands","Colville"
"Salish Sea","San Juan Islands","Flattop"
"Salish Sea","San Juan Islands","Flower"
"Salish Sea","San Juan Islands","Goose"
"Salish Sea","San Juan Islands","Gull Rock"
"Salish Sea","San Juan Islands","Johns"
"Salish Sea","San Juan Islands","Low"
"Salish Sea","San Juan Islands","San Juan"
"Salish Sea","San Juan Islands","Sentinel"
"Salish Sea","San Juan Islands","Skipjack"
"Salish Sea","San Juan Islands","Stuart"
"Salish Sea","San Juan Islands","Sucia"
"Samish Bay",,"Samish"
"San Francisco Bay",,"Bay Farm"
"San Francisco Bay",,"Sheep"
"Sandwich Bay",,"Cartwright"
"Sea of Okhotsk","Kurile Islands","Iturup"
"Sechart Channel",,"Vancouver"
"Shelkikof Strait","Kodiak Archipelago","Kodiak"
"Shelter Island Sound",,"Shelter"
"Smith Sound",,"Littleton"
"Snake River",,"Nielson"
"Snake River",,"Penawawa"
"Snohomish River",,"Spencer"
"South Atlantic Ocean",,"Ascencion"
"South Atlantic Ocean",,"Ascension"
"South Atlantic Ocean",,"Saint Helana"
"South Atlantic Ocean",,"Saint Helena"
"South Atlantic Ocean",,"Shark Island"
"South Atlantic Ocean","Arquipélago de Trindade e Martim Vaz","Trinidade"
"South Atlantic Ocean","Arquipélago Fernando de Noronha","Booby"
"South Atlantic Ocean","Arquipélago Trindade e Martim Vaz","Ilha de Trindade"
"South Atlantic Ocean","Falkland Islands","Coffin Island"
"South Atlantic Ocean","Falkland Islands","East Falkland"
"South Atlantic Ocean","Falkland Islands","Kidney Island"
"South Atlantic Ocean","Falkland Islands","New Island"
"South Atlantic Ocean","Falkland Islands","Pebble Island"
"South Atlantic Ocean","Falkland Islands","South Jason"
"South Atlantic Ocean","Falkland Islands","Weddell Island"
"South Atlantic Ocean","Falkland Islands","West Falkland"
"South Atlantic Ocean","Ilhabela","São Sebastião"
"South Atlantic Ocean","Jason Islands","Steeple Jason"
"South Atlantic Ocean","South Georgia Islands","Annenkov"
"South Atlantic Ocean","South Georgia Islands","Bird Island"
"South Atlantic Ocean","South Georgia Islands","South Georgia"
"South Atlantic Ocean","Tristan da Cunha Islands","Gough"
"South Atlantic Ocean","Tristan da Cunha Islands","Inaccessible Island"
"South Atlantic Ocean","Tristan da Cunha Islands","Inacessible Island"
"South Atlantic Ocean","Tristan da Cunha Islands","Nightingale"
"South China Sea",,"Tioman"
"South China Sea","Greater Sunda Islands","Borneo"
"South China Sea","Greater Sunda Islands","Java"
"South China Sea","Greater Sunda Islands","Labuan"
"South China Sea","Greater Sunda Islands","Muara"
"South China Sea","Indonesian Archipelago","Borneo"
"South Pacific Ocean",,"Broughton Island"
"South Pacific Ocean",,"Chañaral"
"South Pacific Ocean",,"Gorgona"
"South Pacific Ocean",,"Isla de Pascua"
"South Pacific Ocean",,"Islet S of Noumea"
"South Pacific Ocean",,"Lobos de Tierra"
"South Pacific Ocean",,"Macquarie"
"South Pacific Ocean",,"Macquarrie"
"South Pacific Ocean",,"Malpelo"
"South Pacific Ocean",,"Mocha"
"South Pacific Ocean",,"Nauru"
"South Pacific Ocean",,"Niue"
"South Pacific Ocean",,"Norfolk"
"South Pacific Ocean",,"North Island"
"South Pacific Ocean",,"Pupuya"
"South Pacific Ocean",,"San Gallán"
"South Pacific Ocean",,"South Island"
"South Pacific Ocean","Admiralty Islands","Manus"
"South Pacific Ocean","Aleipata Islands","Nu'ulua"
"South Pacific Ocean","Archipiélago de Chiloé","Isla Grande de Chiloé"
"South Pacific Ocean","Archipiélago de las Guaitecas","Elvira"
"South Pacific Ocean","Archipiélago de Tierra del Fuego","Isla de Hornos"
"South Pacific Ocean","Archipiélago de Tierra del Fuego","Navarino"
"South Pacific Ocean","Archipiélago de Tierra del Fuego","Noir"
"South Pacific Ocean","Archipiélago Juan Fernández","Alejandro Selkirk"
"South Pacific Ocean","Archipiélago Juan Fernández","Robinson Crusoe"
"South Pacific Ocean","Archipiélago Juan Fernández","Santa Clara"
"South Pacific Ocean","Chatham Islands","Chatham"
"South Pacific Ocean","Chincha","Norte Chincha"
"South Pacific Ocean","Cook Islands","Mangaia"
"South Pacific Ocean","Cook Islands","Suwarrow"
"South Pacific Ocean","Fiji","Vanua Levu"
"South Pacific Ocean","Great Barrier Reef","Heron Island"
"South Pacific Ocean","Great Barrier Reef","Lloyds"
"South Pacific Ocean","Hoorn Islands","Futuna"
"South Pacific Ocean","Islas Desventuradas","San Ambrosio"
"South Pacific Ocean","Kadavu","Kadavu"
"South Pacific Ocean","Kadavu Group","Kadavu"
"South Pacific Ocean","Lau Archipelago","Fulaga"
"South Pacific Ocean","Lau Archipelago","Mago"
"South Pacific Ocean","Lau Archipelago","Ogea Levu"
"South Pacific Ocean","Lau Archipelago","Olorua"
"South Pacific Ocean","Lau Archipelago","Ono-i-Lau"
"South Pacific Ocean","Lau Archipelago","Tavunasithi"
"South Pacific Ocean","Lau Archipelago","Vatoa"
"South Pacific Ocean","Lau Archipelago","Wangava"
"South Pacific Ocean","Lomaiviti Archipelago","Koro"
"South Pacific Ocean","Lomaiviti Archipelago","Ovalau"
"South Pacific Ocean","Loyalty Islands","Lifou"
"South Pacific Ocean","Loyalty Islands","Mare"
"South Pacific Ocean","Loyalty Islands","Ouvéa"
"South Pacific Ocean","Mamanuca Islands","Kadavulailai"
"South Pacific Ocean","Mamanuca Islands","Yanuya"
"South Pacific Ocean","Manu'a Islands","Ofu"
"South Pacific Ocean","Manu'a Islands","Ta'u"
"South Pacific Ocean","Marquesas Islands","Ua Huka"
"South Pacific Ocean","Marquesas Islands","Ua Pau"
"South Pacific Ocean","Moala Islands","Moala"
"South Pacific Ocean","New Caledonia","Balabio"
"South Pacific Ocean","New Caledonia","Grand Terre"
"South Pacific Ocean","New Caledonia","Neba"
"South Pacific Ocean","Nggela Islands","Little Florida Island"
"South Pacific Ocean","Nggela Islands","Nggela Sule"
"South Pacific Ocean","Paumotus","Henderson"
"South Pacific Ocean","Pitcairn Islands","Ducie"
"South Pacific Ocean","Pitcairn Islands","Henderson"
"South Pacific Ocean","Pitcairn Islands","Oeno"
"South Pacific Ocean","Pitcairn Islands","Pitcairn"
"South Pacific Ocean","Rennell Islands","Rennell"
"South Pacific Ocean","Ringgold Isles","Nanuku Levu"
"South Pacific Ocean","Rotuma","Rotuma"
"South Pacific Ocean","Russell Islands","Hoi"
"South Pacific Ocean","Samoan Islands","Aunu'u"
"South Pacific Ocean","Samoan Islands","Nu'ulua"
"South Pacific Ocean","Samoan Islands","Rose Atoll"
"South Pacific Ocean","Samoan Islands","Savai'i"
"South Pacific Ocean","Samoan Islands","Ta‘ū"
"South Pacific Ocean","Samoan Islands","Tutuila"
"South Pacific Ocean","Samoan Islands","Upolu"
"South Pacific Ocean","Santa Cruz Islands","Vanikoro"
"South Pacific Ocean","Solomon Islands","Bougainville Island"
"South Pacific Ocean","Solomon Islands","Guadalcanal"
"South Pacific Ocean","Solomon Islands","Makira"
"South Pacific Ocean","Solomon Islands","New Georgia"
"South Pacific Ocean","Tasmania","Tasmania"
"South Pacific Ocean","Tonga Islands","Haareva Island"
"South Pacific Ocean","Tonga Islands","Tokū"
"South Pacific Ocean","Tuamotus","Tepoto"
"South Pacific Ocean","Tuamotus","Vanavana"
"South Pacific Ocean","Vanuatu","Efate"
"South Pacific Ocean","Vanuatu","Paama"
"South Pacific Ocean","Viti Levu","Viti Levu"
"South Pacific Ocean","Wallis Islands","Wallis"
"Southern Ocean",,"Anvers"
"Southern Ocean",,"Petermann Island"
"Southern Ocean","Archipel des Kerguelen","Kerguelen"
"Southern Ocean","Îles Crozet","Île de la Possession"
"Southern Ocean","Palmer Archipelago","Trinity"
"Southern Ocean","South Orkney Islands","Signy"
"Southern Ocean","South Orkney Islands","South Orkney"
"Southern Ocean","South Shetland Islands","Deception"
"Southern Ocean","South Shetland Islands","Deception Island"
"Southern Ocean","South Shetland Islands","Greenwich"
"Southern Ocean","South Shetland Islands","King George"
"Southern Ocean","South Shetland Islands","Nelson"
"Southern Ocean","South Shetland Islands","Roberts"
"Southern Ocean","South Shetland Islands","Smith"
"Southern Ocean","South Shetland Islands","South Shetland"
"Stag Bay","Alexander Archipelago","Chicagof"
"Stag Bay","Alexander Archipelago","Chichagof"
"Strait of Georgia",,"Balaklava"
"Strait of Georgia",,"Bowen"
"Strait of Georgia",,"Bramham"
"Strait of Georgia",,"Duncan"
"Strait of Georgia",,"Gambier"
"Strait of Georgia",,"Hope"
"Strait of Georgia",,"Hornby"
"Strait of Georgia",,"Hurst"
"Strait of Georgia",,"Mandarte"
"Strait of Georgia",,"Passage"
"Strait of Georgia",,"Savary"
"Strait of Georgia",,"Sea Island"
"Strait of Georgia",,"Texada"
"Strait of Georgia",,"Vancouver"
"Strait of Georgia",,"Vansittart"
"Strait of Georgia","Discovery Islands","Cortes"
"Strait of Georgia","Gordon Islands","Doyle"
"Strait of Georgia","Gulf Islands","Sydney"
"Strait of Georgia","Southern Gulf Islands","Galiano"
"Strait of Georgia","Southern Gulf Islands","Mayne Island"
"Strait of Georgia","Southern Gulf Islands","North Pender"
"Strait of Georgia","Southern Gulf Islands","Salt Spring"
"Strait of Georgia","Southern Gulf Islands","Saturna"
"Strait of Georgia","Southern Gulf Islands","South Pender"
"Strait of Georgia","Southern Gulf Islands","Sydney"
"Strait of Georgia","Thormanby Islands","South Thormanby"
"Strait of Juan de Fuca",,"Discovery"
"Strait of Juan de Fuca",,"Mandarte"
"Strait of Juan de Fuca",,"Protection"
"Strait of Juan de Fuca",,"Smith"
"Strait of Juan de Fuca",,"Strongtide"
"Tasman Sea",,"Lord Howe"
"Tasman Sea",,"North Island"
"Tasman Sea",,"South Island"
"Tasman Sea","Tasmania","Bruny Island"
"Tasman Sea","Tasmania","Tasmania"
"Te Nggano","Rennell Islands","Rennell"
"Unalaska Bay","Fox Islands","Amaknak"
"Union Bay",,"Foster"
"Upper New York Harbor",,"Liberty"
"Willapa Bay",,"Long Island"
